{"type": "FeatureCollection", "metadata": {"source": "OpenStreetMap via Overpass API", "query_date": "2026-09-22", "bbox": [40.785, -73.933, 40.917, -73.748], "license": "ODbL \u2014 (c) OpenStreetMap contributors"}, "features": [{"type": "Feature", "geometry": {"type": "Polygon", "coordinates": [[[-73.8732289, 40.8182534], [-73.8725892, 40.8183407], [-73.8723639, 40.8173653], [-73.8730076, 40.8172831], [-73.8732289, 40.8182534]]]}, "properties": {"osm_id": 39943807, "sport": "soccer", "leisure": "pitch", "name": "Hector Aponte Field", "surface": "artificial_turf"}}, {"type": "Feature", "geometry": {"type": "Polygon", "coordinates": [[[-73.8552214, 40.8197769], [-73.8560077, 40.819668], [-73.8560268, 40.8196663], [-73.8563902, 40.8192864], [-73.8560941, 40.8181035], [-73.8548804, 40.8182713], [-73.854951, 40.8185831], [-73.8552214, 40.8197769]]]}, "properties": {"osm_id": 44946241, "sport": "athletics", "leisure": "pitch"}}, {"type": "Feature", "geometry": {"type": "Polygon", "coordinates": [[[-73.8796701, 40.8961341], [-73.8791444, 40.8961341], [-73.8791398, 40.8958579], [-73.8791392, 40.8958192], [-73.8791337, 40.8954813], [-73.8796647, 40.8954691], [-73.8796701, 40.8961341]]]}, "properties": {"osm_id": 62239361, "sport": "tennis", "leisure": "pitch"}}, {"type": "Feature", "geometry": {"type": "Polygon", "coordinates": [[[-73.8120153, 40.8164104], [-73.8112321, 40.8164632], [-73.8111999, 40.816455], [-73.8111623, 40.8164185], [-73.8109531, 40.8159638], [-73.8116451, 40.8157405], [-73.8118329, 40.8160775], [-73.8120153, 40.8164104]]]}, "properties": {"osm_id": 63406751, "sport": "baseball", "leisure": "pitch"}}, {"type": "Feature", "geometry": {"type": "Polygon", "coordinates": [[[-73.8113393, 40.8152858], [-73.8114305, 40.815708], [-73.8114037, 40.8157446], [-73.8113233, 40.8157811], [-73.8112213, 40.8157933], [-73.811114, 40.8157892], [-73.810996, 40.8157649], [-73.8108995, 40.8157283], [-73.8108136, 40.8156837], [-73.8107707, 40.8156147], [-73.8106581, 40.8153345], [-73.8113125, 40.815233], [-73.8113393, 40.8152858]]]}, "properties": {"osm_id": 63406762, "sport": "baseball", "leisure": "pitch"}}, {"type": "Feature", "geometry": {"type": "Polygon", "coordinates": [[[-73.8239725, 40.8208761], [-73.824572, 40.8206671], [-73.8246378, 40.8206848], [-73.8251254, 40.821495], [-73.8245358, 40.8216839], [-73.8242086, 40.8212982], [-73.8240906, 40.8211318], [-73.8239725, 40.8208761]]]}, "properties": {"osm_id": 63406894, "sport": "baseball", "leisure": "pitch", "surface": "dirt"}}, {"type": "Feature", "geometry": {"type": "Polygon", "coordinates": [[[-73.8826283, 40.89355], [-73.882798, 40.8933744], [-73.8830421, 40.8931217], [-73.883129, 40.8930318], [-73.8828125, 40.8928841], [-73.8824376, 40.8928793], [-73.882171, 40.893031], [-73.8820023, 40.8932204], [-73.8826283, 40.89355]]]}, "properties": {"osm_id": 75113106, "sport": "baseball", "leisure": "pitch"}}, {"type": "Feature", "geometry": {"type": "Polygon", "coordinates": [[[-73.8835282, 40.8920618], [-73.8839638, 40.8914788], [-73.8837074, 40.8913829], [-73.8833712, 40.8913339], [-73.8831527, 40.8914252], [-73.8829435, 40.8915266], [-73.8828201, 40.8915996], [-73.8827247, 40.891751], [-73.8827128, 40.8917699], [-73.8835282, 40.8920618]]]}, "properties": {"osm_id": 75113107, "sport": "baseball", "leisure": "pitch"}}, {"type": "Feature", "geometry": {"type": "Polygon", "coordinates": [[[-73.895878, 40.8884479], [-73.8959229, 40.8883786], [-73.8959848, 40.8883173], [-73.8960614, 40.8882662], [-73.8961497, 40.8882274], [-73.8962462, 40.8882024], [-73.8963474, 40.8881922], [-73.8964493, 40.888197], [-73.896548, 40.8882168], [-73.8966397, 40.8882507], [-73.8967208, 40.8882975], [-73.8967884, 40.8883554], [-73.8968397, 40.8884222], [-73.8965821, 40.8889438], [-73.8958921, 40.8887491], [-73.895859, 40.8886761], [-73.8958454, 40.8885996], [-73.8958518, 40.8885225], [-73.895878, 40.8884479]]]}, "properties": {"osm_id": 75118618, "sport": "baseball", "leisure": "pitch"}}, {"type": "Feature", "geometry": {"type": "Polygon", "coordinates": [[[-73.9163445, 40.8763433], [-73.916528, 40.8767945], [-73.9152633, 40.8770886], [-73.9150798, 40.8766375], [-73.9163445, 40.8763433]]]}, "properties": {"osm_id": 75917035, "sport": "american_football", "leisure": "pitch"}}, {"type": "Feature", "geometry": {"type": "Polygon", "coordinates": [[[-73.8952425, 40.8719032], [-73.895162, 40.8719357], [-73.8950762, 40.8719235], [-73.8943627, 40.8716112], [-73.8942984, 40.8715666], [-73.8942715, 40.8715219], [-73.8942876, 40.8714814], [-73.8947704, 40.8708688], [-73.8953766, 40.8704997], [-73.8960901, 40.8708242], [-73.8952425, 40.8719032]]]}, "properties": {"osm_id": 76090448, "sport": "baseball", "leisure": "pitch"}}, {"type": "Feature", "geometry": {"type": "Polygon", "coordinates": [[[-73.9129793, 40.8131118], [-73.913037, 40.8130117], [-73.9128525, 40.8129508], [-73.9127947, 40.8130509], [-73.9129793, 40.8131118]]]}, "properties": {"osm_id": 108188305, "sport": "basketball", "leisure": "pitch"}}, {"type": "Feature", "geometry": {"type": "Polygon", "coordinates": [[[-73.913327, 40.8132391], [-73.9133959, 40.8131184], [-73.9131173, 40.8130273], [-73.9130484, 40.813148], [-73.913327, 40.8132391]]]}, "properties": {"osm_id": 108188319, "sport": "basketball", "leisure": "pitch"}}, {"type": "Feature", "geometry": {"type": "Polygon", "coordinates": [[[-73.9116226, 40.8105455], [-73.9121596, 40.8099048], [-73.9120574, 40.8098403], [-73.9119713, 40.8097595], [-73.9119107, 40.8096732], [-73.9118674, 40.809579], [-73.9118527, 40.8094726], [-73.9118645, 40.8093749], [-73.9110054, 40.8091129], [-73.9109357, 40.8091374], [-73.9106531, 40.8096979], [-73.9108332, 40.8102089], [-73.9115439, 40.8105558], [-73.9116226, 40.8105455]]]}, "properties": {"osm_id": 108188324, "sport": "baseball", "leisure": "pitch"}}, {"type": "Feature", "geometry": {"type": "Polygon", "coordinates": [[[-73.9132397, 40.8133905], [-73.9133083, 40.8132705], [-73.91303, 40.8131794], [-73.9129614, 40.8132995], [-73.9132397, 40.8133905]]]}, "properties": {"osm_id": 108188335, "sport": "basketball", "leisure": "pitch"}}, {"type": "Feature", "geometry": {"type": "Polygon", "coordinates": [[[-73.8831709, 40.8609893], [-73.8829195, 40.8606857], [-73.8827569, 40.8606557], [-73.881829, 40.8611328], [-73.8816906, 40.8612338], [-73.8819709, 40.8615643], [-73.8831709, 40.8609893]]]}, "properties": {"osm_id": 108188733, "sport": "baseball", "leisure": "pitch", "name": "Houlihan Park"}}, {"type": "Feature", "geometry": {"type": "Polygon", "coordinates": [[[-73.8853366, 40.8634708], [-73.8853058, 40.8634335], [-73.8851916, 40.8632952], [-73.8849531, 40.8630063], [-73.884886, 40.8630002], [-73.884253, 40.8632964], [-73.8845105, 40.8635844], [-73.8845936, 40.8636412], [-73.8847117, 40.8636838], [-73.8848297, 40.8636859], [-73.8849504, 40.8636575], [-73.8850669, 40.8636012], [-73.8853366, 40.8634708]]]}, "properties": {"osm_id": 108188738, "sport": "baseball", "leisure": "pitch", "name": "Bahoshy Field"}}, {"type": "Feature", "geometry": {"type": "Polygon", "coordinates": [[[-73.8854024, 40.8649932], [-73.8848974, 40.8644547], [-73.8845407, 40.8646521], [-73.8850527, 40.8651854], [-73.8854024, 40.8649932]]]}, "properties": {"osm_id": 108188742, "sport": "rugby", "leisure": "pitch", "name": "Prep Field"}}, {"type": "Feature", "geometry": {"type": "Polygon", "coordinates": [[[-73.8821379, 40.8614896], [-73.8825637, 40.8619924], [-73.8837269, 40.8614289], [-73.8833011, 40.8609262], [-73.8831709, 40.8609893], [-73.8821379, 40.8614896]]]}, "properties": {"osm_id": 108188753, "sport": "american_football", "leisure": "pitch"}}, {"type": "Feature", "geometry": {"type": "Polygon", "coordinates": [[[-73.88497, 40.8642048], [-73.884245, 40.8633408], [-73.8836481, 40.8636272], [-73.8843524, 40.8644666], [-73.8843731, 40.8644913], [-73.88497, 40.8642048]]]}, "properties": {"osm_id": 108188755, "sport": "american_football", "leisure": "pitch", "name": "Murphy Field"}}, {"type": "Feature", "geometry": {"type": "Polygon", "coordinates": [[[-73.8728864, 40.8165207], [-73.8728326, 40.816296], [-73.8721339, 40.8163918], [-73.8721877, 40.8166165], [-73.8728864, 40.8165207]]]}, "properties": {"osm_id": 108402084, "sport": "soccer", "leisure": "pitch"}}, {"type": "Feature", "geometry": {"type": "Polygon", "coordinates": [[[-73.865862, 40.8136163], [-73.8650592, 40.8131394], [-73.8652416, 40.8129526], [-73.865483, 40.8128065], [-73.8658048, 40.8127984], [-73.866057, 40.8128674], [-73.8663788, 40.8130135], [-73.8664915, 40.8130947], [-73.865862, 40.8136163]]]}, "properties": {"osm_id": 108402088, "sport": "baseball", "leisure": "pitch"}}, {"type": "Feature", "geometry": {"type": "Polygon", "coordinates": [[[-73.8370358, 40.8264314], [-73.8377086, 40.826347], [-73.8376591, 40.8261023], [-73.8374494, 40.8259421], [-73.8372397, 40.8258547], [-73.8368581, 40.8259246], [-73.8369426, 40.8263906], [-73.8370358, 40.8264314]]]}, "properties": {"osm_id": 109969361, "sport": "baseball", "leisure": "pitch", "name": "Bruce Bozzi Field"}}, {"type": "Feature", "geometry": {"type": "Polygon", "coordinates": [[[-73.8350074, 40.8264529], [-73.83597, 40.8263064], [-73.8359139, 40.8256936], [-73.8358295, 40.8255351], [-73.835683, 40.8254604], [-73.8354184, 40.8254133], [-73.8352099, 40.825441], [-73.8347353, 40.8255441], [-73.8349147, 40.826417], [-73.8350074, 40.8264529]]]}, "properties": {"osm_id": 109969362, "sport": "baseball", "leisure": "pitch"}}, {"type": "Feature", "geometry": {"type": "Polygon", "coordinates": [[[-73.898983, 40.8997578], [-73.8983774, 40.8996848], [-73.8985793, 40.8987044], [-73.8992085, 40.8987758], [-73.898983, 40.8997578]]]}, "properties": {"osm_id": 137352995, "sport": "american_football", "leisure": "pitch", "name": "Frank J. Bertino Memorial Field"}}, {"type": "Feature", "geometry": {"type": "Polygon", "coordinates": [[[-73.8310862, 40.8730579], [-73.830961, 40.8731421], [-73.8307751, 40.872984], [-73.8309003, 40.8728998], [-73.8310862, 40.8730579]]]}, "properties": {"osm_id": 137352996, "sport": "basketball", "leisure": "pitch"}}, {"type": "Feature", "geometry": {"type": "Polygon", "coordinates": [[[-73.8311741, 40.875218], [-73.8309481, 40.8752196], [-73.8309499, 40.8753658], [-73.8306246, 40.875368], [-73.8306229, 40.8752248], [-73.8302585, 40.8752273], [-73.8302547, 40.87491], [-73.8311703, 40.8749036], [-73.8311741, 40.875218]]]}, "properties": {"osm_id": 137353001, "sport": "tennis", "leisure": "pitch"}}, {"type": "Feature", "geometry": {"type": "Polygon", "coordinates": [[[-73.9147883, 40.8879089], [-73.9148472, 40.8874487], [-73.9148582, 40.8873627], [-73.9153569, 40.8874186], [-73.915645, 40.8876736], [-73.9156037, 40.8879698], [-73.9149905, 40.8879245], [-73.9147883, 40.8879089]]]}, "properties": {"osm_id": 137353002, "sport": "baseball", "leisure": "pitch", "surface": "grass"}}, {"type": "Feature", "geometry": {"type": "Polygon", "coordinates": [[[-73.8309303, 40.8736713], [-73.8308809, 40.8736339], [-73.8304203, 40.8736424], [-73.8304069, 40.873921], [-73.8305506, 40.8740331], [-73.8309146, 40.8740315], [-73.8309303, 40.8736713]]]}, "properties": {"osm_id": 137353003, "sport": "baseball", "leisure": "pitch"}}, {"type": "Feature", "geometry": {"type": "Polygon", "coordinates": [[[-73.8772264, 40.8962242], [-73.8770997, 40.8965098], [-73.8774777, 40.8966058], [-73.8775379, 40.8965699], [-73.8775833, 40.896523], [-73.8776105, 40.8964685], [-73.8776171, 40.8964105], [-73.8776028, 40.8963534], [-73.8775684, 40.8963012], [-73.8775169, 40.896258], [-73.8774518, 40.8962271], [-73.8773779, 40.8962104], [-73.8773009, 40.8962094], [-73.8772264, 40.8962242]]]}, "properties": {"osm_id": 137353004, "sport": "baseball", "leisure": "pitch"}}, {"type": "Feature", "geometry": {"type": "Polygon", "coordinates": [[[-73.8356478, 40.866293], [-73.8355544, 40.8662557], [-73.8351673, 40.8663844], [-73.8353677, 40.8667934], [-73.8357356, 40.8668765], [-73.8359361, 40.8667913], [-73.8356478, 40.866293]]]}, "properties": {"osm_id": 137353005, "sport": "baseball", "leisure": "pitch"}}, {"type": "Feature", "geometry": {"type": "Polygon", "coordinates": [[[-73.8347994, 40.8655912], [-73.8347253, 40.8655705], [-73.8342256, 40.8648333], [-73.8348049, 40.8646361], [-73.8352524, 40.8648769], [-73.835494, 40.8653607], [-73.8347994, 40.8655912]]]}, "properties": {"osm_id": 137353006, "sport": "baseball", "leisure": "pitch"}}, {"type": "Feature", "geometry": {"type": "Polygon", "coordinates": [[[-73.8784677, 40.8966246], [-73.8779423, 40.8967298], [-73.878081, 40.8971273], [-73.8781804, 40.8971522], [-73.8782851, 40.8971561], [-73.8783877, 40.8971386], [-73.8784799, 40.8971008], [-73.8785553, 40.8970456], [-73.8786081, 40.8969769], [-73.8786346, 40.8969002], [-73.8786323, 40.8968209], [-73.8786021, 40.8967448], [-73.8785458, 40.8966777], [-73.8784677, 40.8966246]]]}, "properties": {"osm_id": 137353008, "sport": "baseball", "leisure": "pitch"}}, {"type": "Feature", "geometry": {"type": "Polygon", "coordinates": [[[-73.9051718, 40.8882529], [-73.9050878, 40.8883025], [-73.9051692, 40.8885922], [-73.905387, 40.8885803], [-73.9055602, 40.888495], [-73.9056101, 40.8883898], [-73.9055628, 40.8882212], [-73.9051718, 40.8882529]]]}, "properties": {"osm_id": 137353009, "sport": "baseball", "leisure": "pitch"}}, {"type": "Feature", "geometry": {"type": "Polygon", "coordinates": [[[-73.8781986, 40.8960716], [-73.8782872, 40.8957779], [-73.8778985, 40.8957106], [-73.8778433, 40.8957508], [-73.8778043, 40.8958009], [-73.8777843, 40.8958572], [-73.8777854, 40.8959154], [-73.8778071, 40.8959711], [-73.8778482, 40.8960205], [-73.877905, 40.8960596], [-73.8779739, 40.8960855], [-73.8780496, 40.8960966], [-73.8781264, 40.8960918], [-73.8781986, 40.8960716]]]}, "properties": {"osm_id": 137353010, "sport": "baseball", "leisure": "pitch"}}, {"type": "Feature", "geometry": {"type": "Polygon", "coordinates": [[[-73.8355736, 40.8655622], [-73.835494, 40.8655352], [-73.8347939, 40.8657241], [-73.8349394, 40.8659317], [-73.83517, 40.8660833], [-73.8354364, 40.8661394], [-73.8356478, 40.8661352], [-73.8358262, 40.8660937], [-73.8355736, 40.8655622]]]}, "properties": {"osm_id": 137353017, "sport": "baseball", "leisure": "pitch"}}, {"type": "Feature", "geometry": {"type": "Polygon", "coordinates": [[[-73.9164488, 40.8864343], [-73.9163493, 40.886478], [-73.9162424, 40.8864671], [-73.9160737, 40.8864499], [-73.9159398, 40.8864175], [-73.9157723, 40.8863877], [-73.9157778, 40.8863236], [-73.915815, 40.8862533], [-73.9158458, 40.8861803], [-73.915918, 40.8861113], [-73.9160551, 40.8860506], [-73.9161637, 40.8860266], [-73.9163176, 40.8860006], [-73.9165135, 40.8860243], [-73.9164914, 40.8862109], [-73.9164488, 40.8864343]]]}, "properties": {"osm_id": 137353020, "sport": "baseball", "leisure": "pitch", "surface": "grass"}}, {"type": "Feature", "geometry": {"type": "Polygon", "coordinates": [[[-73.9158636, 40.8853996], [-73.9157413, 40.8853925], [-73.9154026, 40.8856414], [-73.9151725, 40.8858358], [-73.9153246, 40.8859411], [-73.9154191, 40.8860026], [-73.9155265, 40.8860695], [-73.9156702, 40.8860932], [-73.9158211, 40.8860954], [-73.9159514, 40.8860545], [-73.9161004, 40.8860082], [-73.9162531, 40.885925], [-73.9163519, 40.8858134], [-73.9158636, 40.8853996]]]}, "properties": {"osm_id": 137353021, "sport": "baseball", "leisure": "pitch", "surface": "grass"}}, {"type": "Feature", "geometry": {"type": "Polygon", "coordinates": [[[-73.8415684, 40.8998699], [-73.8403089, 40.9001551], [-73.840149, 40.8997358], [-73.8413985, 40.8994487], [-73.8415684, 40.8998699]]]}, "properties": {"osm_id": 138264777, "sport": "american_football", "leisure": "pitch"}}, {"type": "Feature", "geometry": {"type": "Polygon", "coordinates": [[[-73.8413301, 40.8976647], [-73.8412568, 40.8977496], [-73.8414911, 40.8983067], [-73.8422281, 40.8981665], [-73.8420622, 40.8975467], [-73.8413301, 40.8976647]]]}, "properties": {"osm_id": 138264780, "sport": "baseball", "leisure": "pitch"}}, {"type": "Feature", "geometry": {"type": "Polygon", "coordinates": [[[-73.8410372, 40.8991183], [-73.840964, 40.8992142], [-73.8394949, 40.8995352], [-73.8393533, 40.899181], [-73.8394363, 40.8988305], [-73.839734, 40.8982292], [-73.8404954, 40.8979709], [-73.8410372, 40.8991183]]]}, "properties": {"osm_id": 138264789, "sport": "baseball", "leisure": "pitch"}}, {"type": "Feature", "geometry": {"type": "Polygon", "coordinates": [[[-73.8398271, 40.8857111], [-73.8398058, 40.8855873], [-73.8395477, 40.8856128], [-73.839569, 40.8857365], [-73.8398271, 40.8857111]]]}, "properties": {"osm_id": 138265865, "sport": "basketball", "leisure": "pitch"}}, {"type": "Feature", "geometry": {"type": "Polygon", "coordinates": [[[-73.8400648, 40.8854542], [-73.8399391, 40.8854654], [-73.8399064, 40.8852559], [-73.8400321, 40.8852447], [-73.8400648, 40.8854542]]]}, "properties": {"osm_id": 138265866, "sport": "tennis", "leisure": "pitch"}}, {"type": "Feature", "geometry": {"type": "Polygon", "coordinates": [[[-73.8420925, 40.884251], [-73.8424691, 40.8847286], [-73.8423214, 40.884794], [-73.8421462, 40.8848289], [-73.8419708, 40.8848205], [-73.8418319, 40.8847942], [-73.8416984, 40.8847443], [-73.8415862, 40.8846517], [-73.8414848, 40.8845343], [-73.8420925, 40.884251]]]}, "properties": {"osm_id": 138265867, "sport": "baseball", "leisure": "pitch"}}, {"type": "Feature", "geometry": {"type": "Polygon", "coordinates": [[[-73.8239594, 40.8761096], [-73.8238959, 40.8760439], [-73.8232541, 40.8759555], [-73.8231939, 40.876188], [-73.8232107, 40.8763194], [-73.8233577, 40.8765292], [-73.8235917, 40.8766556], [-73.8237756, 40.8766758], [-73.8239594, 40.8761096]]]}, "properties": {"osm_id": 138265868, "sport": "baseball", "leisure": "pitch"}}, {"type": "Feature", "geometry": {"type": "Polygon", "coordinates": [[[-73.8240664, 40.8758468], [-73.8239761, 40.8758796], [-73.8233276, 40.8757356], [-73.8234346, 40.8755056], [-73.8235917, 40.8753564], [-73.8237522, 40.8752806], [-73.8239761, 40.8752781], [-73.8242669, 40.8753185], [-73.8240664, 40.8758468]]]}, "properties": {"osm_id": 138265869, "sport": "baseball", "leisure": "pitch"}}, {"type": "Feature", "geometry": {"type": "Polygon", "coordinates": [[[-73.8399558, 40.8730336], [-73.8398197, 40.8732632], [-73.8392481, 40.8730833], [-73.8393671, 40.8728527], [-73.8399558, 40.8730336]]]}, "properties": {"osm_id": 138266906, "sport": "soccer", "leisure": "pitch"}}, {"type": "Feature", "geometry": {"type": "Polygon", "coordinates": [[[-73.8397538, 40.8727737], [-73.8391422, 40.8729708], [-73.8392481, 40.8730833], [-73.8392797, 40.873117], [-73.839453, 40.8732112], [-73.8396765, 40.8732589], [-73.8398197, 40.8732632], [-73.8400045, 40.8732351], [-73.8397538, 40.8727737]]]}, "properties": {"osm_id": 138266929, "sport": "baseball", "leisure": "pitch"}}, {"type": "Feature", "geometry": {"type": "Polygon", "coordinates": [[[-73.875302, 40.8700094], [-73.8754588, 40.8699312], [-73.8754659, 40.8699277], [-73.8754834, 40.869919], [-73.8761422, 40.8695908], [-73.8764003, 40.8693731], [-73.8764081, 40.8693665], [-73.8766437, 40.8691677], [-73.8766314, 40.8691157], [-73.8758093, 40.8684494], [-73.8755719, 40.8683551], [-73.8755277, 40.8684089], [-73.8751747, 40.8682735], [-73.8751033, 40.8682895], [-73.8748159, 40.8686447], [-73.8747001, 40.8687964], [-73.8746481, 40.8689204], [-73.874623, 40.869078], [-73.8746616, 40.8692706], [-73.8747271, 40.869415], [-73.8750242, 40.8697695], [-73.8752364, 40.8699978], [-73.875302, 40.8700094]]]}, "properties": {"osm_id": 152995685, "sport": "multi", "leisure": "pitch"}}, {"type": "Feature", "geometry": {"type": "Polygon", "coordinates": [[[-73.9072397, 40.9083373], [-73.907272, 40.9082343], [-73.9068727, 40.9081625], [-73.9068464, 40.9082655], [-73.9072397, 40.9083373]]]}, "properties": {"osm_id": 167413657, "sport": "basketball", "leisure": "pitch"}}, {"type": "Feature", "geometry": {"type": "Polygon", "coordinates": [[[-73.9120997, 40.9042488], [-73.9122928, 40.9038657], [-73.9117483, 40.9037805], [-73.9116196, 40.9041738], [-73.9120997, 40.9042488]]]}, "properties": {"osm_id": 170827938, "sport": "soccer", "leisure": "pitch"}}, {"type": "Feature", "geometry": {"type": "Polygon", "coordinates": [[[-73.9146049, 40.8980087], [-73.9148302, 40.8971693], [-73.914283, 40.8970741], [-73.9142852, 40.8970968], [-73.9141077, 40.8977228], [-73.9140319, 40.8977105], [-73.9140085, 40.8979352], [-73.9146049, 40.8980087]]]}, "properties": {"osm_id": 171552454, "leisure": "pitch"}}, {"type": "Feature", "geometry": {"type": "Polygon", "coordinates": [[[-73.9139595, 40.8272165], [-73.9142723, 40.8273149], [-73.9144067, 40.827079], [-73.9143475, 40.8270371], [-73.9142737, 40.8270117], [-73.914193, 40.8270054], [-73.9141139, 40.827019], [-73.9140448, 40.827051], [-73.9139927, 40.8270981], [-73.9139632, 40.8271552], [-73.9139595, 40.8272165]]]}, "properties": {"osm_id": 173623982, "sport": "baseball", "leisure": "pitch"}}, {"type": "Feature", "geometry": {"type": "Polygon", "coordinates": [[[-73.9138118, 40.8269222], [-73.9139228, 40.8268533], [-73.9139386, 40.8268666], [-73.9139479, 40.826883], [-73.9139499, 40.8269007], [-73.9139443, 40.8269181], [-73.9139318, 40.8269332], [-73.9139135, 40.8269445], [-73.9138915, 40.8269508], [-73.9138679, 40.8269516], [-73.9138453, 40.8269466], [-73.9138259, 40.8269365], [-73.9138118, 40.8269222]]]}, "properties": {"osm_id": 173623984, "sport": "basketball", "leisure": "pitch"}}, {"type": "Feature", "geometry": {"type": "Polygon", "coordinates": [[[-73.9137391, 40.827044], [-73.9137953, 40.8269423], [-73.913818, 40.8269484], [-73.9138369, 40.8269597], [-73.91385, 40.826975], [-73.913856, 40.8269926], [-73.9138543, 40.8270108], [-73.913845, 40.8270276], [-73.9138291, 40.8270413], [-73.9138083, 40.8270504], [-73.9137847, 40.8270541], [-73.9137608, 40.8270519], [-73.9137391, 40.827044]]]}, "properties": {"osm_id": 173623985, "sport": "basketball", "leisure": "pitch"}}, {"type": "Feature", "geometry": {"type": "Polygon", "coordinates": [[[-73.9142509, 40.8269032], [-73.9140395, 40.8268419], [-73.9140958, 40.8267306], [-73.9143072, 40.8267919], [-73.9142509, 40.8269032]]]}, "properties": {"osm_id": 173623986, "sport": "basketball", "leisure": "pitch"}}, {"type": "Feature", "geometry": {"type": "Polygon", "coordinates": [[[-73.9145337, 40.826996], [-73.9142769, 40.8269203], [-73.9143356, 40.826806], [-73.9145925, 40.8268817], [-73.9145337, 40.826996]]]}, "properties": {"osm_id": 173623987, "sport": "basketball", "leisure": "pitch"}}, {"type": "Feature", "geometry": {"type": "Polygon", "coordinates": [[[-73.9122547, 40.8166311], [-73.9120001, 40.8165729], [-73.9119528, 40.8166913], [-73.9122074, 40.8167495], [-73.9122547, 40.8166311]]]}, "properties": {"osm_id": 174371523, "sport": "basketball", "leisure": "pitch"}}, {"type": "Feature", "geometry": {"type": "Polygon", "coordinates": [[[-73.9123116, 40.8183381], [-73.9127954, 40.8184168], [-73.9130021, 40.8180396], [-73.9128467, 40.8179031], [-73.9124626, 40.8178343], [-73.9123116, 40.8183381]]]}, "properties": {"osm_id": 174371524, "sport": "baseball", "leisure": "pitch"}}, {"type": "Feature", "geometry": {"type": "Polygon", "coordinates": [[[-73.9118276, 40.8187137], [-73.9117662, 40.8189392], [-73.9119424, 40.8189666], [-73.9120038, 40.8187411], [-73.9118276, 40.8187137]]]}, "properties": {"osm_id": 174371525, "sport": "basketball", "leisure": "pitch"}}, {"type": "Feature", "geometry": {"type": "Polygon", "coordinates": [[[-73.8988684, 40.8378599], [-73.8988872, 40.8379013], [-73.8987455, 40.8381105], [-73.8987028, 40.8380924], [-73.8986619, 40.8381544], [-73.89844, 40.8384579], [-73.8983611, 40.8384635], [-73.8982761, 40.8384488], [-73.8981862, 40.8384232], [-73.8981025, 40.8383628], [-73.8980354, 40.8383055], [-73.8979706, 40.8382241], [-73.8979245, 40.8381583], [-73.897882, 40.8380377], [-73.897863, 40.837937], [-73.8978744, 40.8378564], [-73.8978972, 40.837773], [-73.8979428, 40.8376637], [-73.8980218, 40.8375552], [-73.8984562, 40.8377385], [-73.8985356, 40.837723], [-73.8988684, 40.8378599]]]}, "properties": {"osm_id": 174497047, "sport": "baseball", "leisure": "pitch"}}, {"type": "Feature", "geometry": {"type": "Polygon", "coordinates": [[[-73.8961425, 40.8356559], [-73.8961258, 40.8356021], [-73.8967057, 40.8348854], [-73.8969569, 40.8350294], [-73.8971436, 40.8351931], [-73.8972539, 40.8353926], [-73.8972769, 40.8356082], [-73.8972438, 40.8358224], [-73.8970895, 40.836092], [-73.8966411, 40.8358855], [-73.8961425, 40.8356559]]]}, "properties": {"osm_id": 174497048, "sport": "baseball", "leisure": "pitch"}}, {"type": "Feature", "geometry": {"type": "Polygon", "coordinates": [[[-73.8816806, 40.8439655], [-73.8818979, 40.8440882], [-73.8818054, 40.844182], [-73.8815881, 40.8440592], [-73.8816806, 40.8439655]]]}, "properties": {"osm_id": 174555593, "sport": "basketball", "leisure": "pitch"}}, {"type": "Feature", "geometry": {"type": "Polygon", "coordinates": [[[-73.8817681, 40.8438479], [-73.8819855, 40.8439707], [-73.881893, 40.8440644], [-73.8816756, 40.8439416], [-73.8817681, 40.8438479]]]}, "properties": {"osm_id": 174555594, "sport": "basketball", "leisure": "pitch"}}, {"type": "Feature", "geometry": {"type": "Polygon", "coordinates": [[[-73.891894, 40.8406957], [-73.8924771, 40.8410431], [-73.893257, 40.8415077], [-73.8940094, 40.8407644], [-73.8932169, 40.8402857], [-73.8926485, 40.8399424], [-73.891894, 40.8406957]]]}, "properties": {"osm_id": 174555595, "sport": "baseball", "leisure": "pitch", "name": "Ballfield 5"}}, {"type": "Feature", "geometry": {"type": "Polygon", "coordinates": [[[-73.9298106, 40.8283336], [-73.9300725, 40.8282177], [-73.9299806, 40.8280987], [-73.9297187, 40.8282146], [-73.9298106, 40.8283336]]]}, "properties": {"osm_id": 182916835, "sport": "basketball", "leisure": "pitch"}}, {"type": "Feature", "geometry": {"type": "Polygon", "coordinates": [[[-73.926353, 40.8301806], [-73.9264548, 40.8300487], [-73.9267552, 40.8298528], [-73.9270647, 40.8295397], [-73.927076, 40.8295195], [-73.9270813, 40.8294986], [-73.9270806, 40.8294767], [-73.9270764, 40.8294553], [-73.9270657, 40.829434], [-73.9270506, 40.8294144], [-73.9270295, 40.8293978], [-73.9270039, 40.8293838], [-73.9265379, 40.8292277], [-73.926149, 40.8291665], [-73.9259935, 40.8290976], [-73.9259542, 40.8291205], [-73.9256394, 40.8295261], [-73.9256126, 40.8295717], [-73.9255938, 40.8296188], [-73.925588, 40.8296671], [-73.9255898, 40.8297148], [-73.9256005, 40.8297655], [-73.9256189, 40.8298146], [-73.9256438, 40.8298643], [-73.9256725, 40.829905], [-73.9257015, 40.8299354], [-73.9257422, 40.8299712], [-73.9257945, 40.8300069], [-73.9258436, 40.8300321], [-73.9261463, 40.830167], [-73.9261687, 40.8301748], [-73.9261932, 40.8301803], [-73.9262463, 40.8301859], [-73.9263005, 40.8301847], [-73.926353, 40.8301806]]]}, "properties": {"osm_id": 182916837, "sport": "baseball", "leisure": "pitch", "surface": "grass"}}, {"type": "Feature", "geometry": {"type": "Polygon", "coordinates": [[[-73.9299158, 40.8284693], [-73.9301749, 40.8283546], [-73.9300846, 40.8282378], [-73.9298255, 40.8283524], [-73.9299158, 40.8284693]]]}, "properties": {"osm_id": 182916838, "sport": "basketball", "leisure": "pitch"}}, {"type": "Feature", "geometry": {"type": "Polygon", "coordinates": [[[-73.9299256, 40.8270633], [-73.9299996, 40.8269395], [-73.929727, 40.8268463], [-73.9296531, 40.8269701], [-73.9299256, 40.8270633]]]}, "properties": {"osm_id": 182916839, "sport": "basketball", "leisure": "pitch"}}, {"type": "Feature", "geometry": {"type": "Polygon", "coordinates": [[[-73.9302633, 40.8271758], [-73.9303368, 40.8270528], [-73.9300653, 40.8269599], [-73.9299918, 40.827083], [-73.9302633, 40.8271758]]]}, "properties": {"osm_id": 182916840, "sport": "basketball", "leisure": "pitch"}}, {"type": "Feature", "geometry": {"type": "Polygon", "coordinates": [[[-73.9286329, 40.8284859], [-73.9297554, 40.827989], [-73.929425, 40.8275617], [-73.9283026, 40.8280587], [-73.9286329, 40.8284859]]]}, "properties": {"osm_id": 182917382, "sport": "soccer;american_football", "leisure": "pitch", "name": "Macombs Field", "surface": "artificial_turf"}}, {"type": "Feature", "geometry": {"type": "Polygon", "coordinates": [[[-73.9299712, 40.8271231], [-73.9301454, 40.8271815], [-73.9300583, 40.8273277], [-73.9298437, 40.8273348], [-73.9299712, 40.8271231]]]}, "properties": {"osm_id": 182921095, "sport": "gymnastics", "leisure": "pitch"}}, {"type": "Feature", "geometry": {"type": "Polygon", "coordinates": [[[-73.9303494, 40.8270957], [-73.9303494, 40.8271606], [-73.9303494, 40.8272022], [-73.9303494, 40.82722], [-73.9303494, 40.8273402], [-73.9303494, 40.8274656], [-73.9303494, 40.8275665], [-73.9303494, 40.8275878], [-73.9305358, 40.8275878], [-73.9305358, 40.8274661], [-73.9305358, 40.82722], [-73.9305358, 40.8270957], [-73.9303494, 40.8270957]]]}, "properties": {"osm_id": 182927474, "sport": "tennis", "leisure": "pitch"}}, {"type": "Feature", "geometry": {"type": "Polygon", "coordinates": [[[-73.9021111, 40.8882521], [-73.900483, 40.8877776], [-73.900829, 40.88708], [-73.9023815, 40.8875199], [-73.9024271, 40.8875788], [-73.9021111, 40.8882521]]]}, "properties": {"osm_id": 194908520, "sport": "gaelic_games", "leisure": "pitch", "name": "Gaelic Park"}}, {"type": "Feature", "geometry": {"type": "Polygon", "coordinates": [[[-73.9201502, 40.881347], [-73.9200772, 40.8811766], [-73.9202665, 40.8811311], [-73.9203383, 40.8813015], [-73.9201502, 40.881347]]]}, "properties": {"osm_id": 244737758, "sport": "basketball", "leisure": "pitch"}}, {"type": "Feature", "geometry": {"type": "Polygon", "coordinates": [[[-73.9207723, 40.8814], [-73.9207303, 40.8813035], [-73.9208842, 40.8812652], [-73.9209262, 40.8813617], [-73.9207723, 40.8814]]]}, "properties": {"osm_id": 244737760, "sport": "american_handball", "leisure": "pitch"}}, {"type": "Feature", "geometry": {"type": "Polygon", "coordinates": [[[-73.9217745, 40.8806816], [-73.9214714, 40.8811379], [-73.921407, 40.8811521], [-73.9208115, 40.8809108], [-73.9208893, 40.8808094], [-73.9210154, 40.8807141], [-73.9211415, 40.8806553], [-73.9212836, 40.8806127], [-73.9214043, 40.8805985], [-73.9215304, 40.8806106], [-73.9216457, 40.8806329], [-73.9217745, 40.8806816]]]}, "properties": {"osm_id": 244737761, "sport": "baseball", "leisure": "pitch"}}, {"type": "Feature", "geometry": {"type": "Polygon", "coordinates": [[[-73.920512, 40.8812596], [-73.9204403, 40.8810893], [-73.9202665, 40.8811311], [-73.9203383, 40.8813015], [-73.920512, 40.8812596]]]}, "properties": {"osm_id": 244737767, "sport": "basketball", "leisure": "pitch"}}, {"type": "Feature", "geometry": {"type": "Polygon", "coordinates": [[[-73.9210425, 40.8812254], [-73.9210837, 40.8813253], [-73.9209262, 40.8813617], [-73.9208842, 40.8812652], [-73.9209519, 40.8812467], [-73.9210425, 40.8812254]]]}, "properties": {"osm_id": 244737772, "sport": "american_handball", "leisure": "pitch"}}, {"type": "Feature", "geometry": {"type": "Polygon", "coordinates": [[[-73.9169797, 40.8861944], [-73.9170572, 40.8862523], [-73.9172092, 40.886367], [-73.9171852, 40.8863852], [-73.9170387, 40.8864973], [-73.9168087, 40.8863247], [-73.9169797, 40.8861944]]]}, "properties": {"osm_id": 244775338, "sport": "basketball", "leisure": "pitch"}}, {"type": "Feature", "geometry": {"type": "Polygon", "coordinates": [[[-73.915949, 40.887339], [-73.916048, 40.8870591], [-73.9154802, 40.8869393], [-73.915378, 40.8872362], [-73.9155516, 40.8872646], [-73.9157319, 40.8872966], [-73.915949, 40.887339]]]}, "properties": {"osm_id": 244776380, "sport": "basketball", "leisure": "pitch"}}, {"type": "Feature", "geometry": {"type": "Polygon", "coordinates": [[[-73.9180824, 40.8886005], [-73.9181181, 40.8882631], [-73.9183598, 40.8882777], [-73.9183241, 40.8886151], [-73.9182275, 40.8886093], [-73.9180824, 40.8886005]]]}, "properties": {"osm_id": 244782051, "leisure": "pitch"}}, {"type": "Feature", "geometry": {"type": "Polygon", "coordinates": [[[-73.9170248, 40.8886275], [-73.9172258, 40.8886415], [-73.917265, 40.8883202], [-73.917064, 40.8883062], [-73.9170248, 40.8886275]]]}, "properties": {"osm_id": 244785177, "sport": "tennis", "leisure": "pitch"}}, {"type": "Feature", "geometry": {"type": "Polygon", "coordinates": [[[-73.9167104, 40.8889292], [-73.916479, 40.8889103], [-73.9165243, 40.8885933], [-73.9167556, 40.8886122], [-73.9167104, 40.8889292]]]}, "properties": {"osm_id": 244788528, "sport": "tennis", "leisure": "pitch"}}, {"type": "Feature", "geometry": {"type": "Polygon", "coordinates": [[[-73.9167556, 40.8886122], [-73.9167988, 40.8882996], [-73.9165648, 40.8882821], [-73.9165243, 40.8885933], [-73.9167556, 40.8886122]]]}, "properties": {"osm_id": 244788530, "sport": "tennis", "leisure": "pitch"}}, {"type": "Feature", "geometry": {"type": "Polygon", "coordinates": [[[-73.9155287, 40.8881432], [-73.9154968, 40.8883709], [-73.9149266, 40.8883282], [-73.9149567, 40.8880988], [-73.9149965, 40.8880993], [-73.9155287, 40.8881432]]]}, "properties": {"osm_id": 244790318, "sport": "basketball", "leisure": "pitch"}}, {"type": "Feature", "geometry": {"type": "Polygon", "coordinates": [[[-73.9155287, 40.8881432], [-73.9155449, 40.8880308], [-73.9150127, 40.8879869], [-73.9149965, 40.8880993], [-73.9155287, 40.8881432]]]}, "properties": {"osm_id": 244790321, "sport": "american_handball", "leisure": "pitch"}}, {"type": "Feature", "geometry": {"type": "Polygon", "coordinates": [[[-73.9098111, 40.891517], [-73.9098114, 40.8916314], [-73.9096009, 40.8916326], [-73.9095995, 40.8915174], [-73.9098111, 40.891517]]]}, "properties": {"osm_id": 244984385, "sport": "basketball", "leisure": "pitch"}}, {"type": "Feature", "geometry": {"type": "Polygon", "coordinates": [[[-73.9104915, 40.8915437], [-73.9100373, 40.8915022], [-73.9100092, 40.891679], [-73.9104617, 40.8917212], [-73.9104915, 40.8915437]]]}, "properties": {"osm_id": 244986187, "sport": "tennis", "leisure": "pitch"}}, {"type": "Feature", "geometry": {"type": "Polygon", "coordinates": [[[-73.9109308, 40.891765], [-73.9109603, 40.8915888], [-73.9104915, 40.8915437], [-73.9104617, 40.8917212], [-73.9109308, 40.891765]]]}, "properties": {"osm_id": 244986190, "sport": "tennis", "leisure": "pitch"}}, {"type": "Feature", "geometry": {"type": "Polygon", "coordinates": [[[-73.9136842, 40.8963829], [-73.913474, 40.8963558], [-73.9135455, 40.8960382], [-73.9137557, 40.8960653], [-73.9136842, 40.8963829]]]}, "properties": {"osm_id": 245842348, "sport": "tennis", "leisure": "pitch"}}, {"type": "Feature", "geometry": {"type": "Polygon", "coordinates": [[[-73.892757, 40.8593738], [-73.8928441, 40.8592726], [-73.8926068, 40.8591558], [-73.8925197, 40.859257], [-73.892757, 40.8593738]]]}, "properties": {"osm_id": 251879830, "sport": "basketball", "leisure": "pitch"}}, {"type": "Feature", "geometry": {"type": "Polygon", "coordinates": [[[-73.8926723, 40.8594723], [-73.8924349, 40.8593555], [-73.8925197, 40.859257], [-73.892757, 40.8593738], [-73.8926723, 40.8594723]]]}, "properties": {"osm_id": 251879831, "sport": "basketball", "leisure": "pitch"}}, {"type": "Feature", "geometry": {"type": "Polygon", "coordinates": [[[-73.9319374, 40.8229683], [-73.9318074, 40.8229736], [-73.9317921, 40.8227578], [-73.931922, 40.8227525], [-73.9319374, 40.8229683]]]}, "properties": {"osm_id": 277268741, "sport": "tennis", "leisure": "pitch"}}, {"type": "Feature", "geometry": {"type": "Polygon", "coordinates": [[[-73.931768, 40.8229777], [-73.9316354, 40.8229836], [-73.9316191, 40.822769], [-73.9317481, 40.8227603], [-73.931768, 40.8229777]]]}, "properties": {"osm_id": 277268742, "sport": "tennis", "leisure": "pitch"}}, {"type": "Feature", "geometry": {"type": "Polygon", "coordinates": [[[-73.9315955, 40.8229885], [-73.9315763, 40.8227706], [-73.9314437, 40.8227787], [-73.9314623, 40.8229944], [-73.9315955, 40.8229885]]]}, "properties": {"osm_id": 277268743, "sport": "tennis", "leisure": "pitch"}}, {"type": "Feature", "geometry": {"type": "Polygon", "coordinates": [[[-73.9314207, 40.8229953], [-73.9312903, 40.8230016], [-73.9312723, 40.8227885], [-73.9314026, 40.8227822], [-73.9314207, 40.8229953]]]}, "properties": {"osm_id": 277268744, "sport": "tennis", "leisure": "pitch"}}, {"type": "Feature", "geometry": {"type": "Polygon", "coordinates": [[[-73.9319696, 40.8233024], [-73.931837, 40.8233092], [-73.9318178, 40.8230938], [-73.9319503, 40.823087], [-73.9319696, 40.8233024]]]}, "properties": {"osm_id": 277268745, "sport": "tennis", "leisure": "pitch"}}, {"type": "Feature", "geometry": {"type": "Polygon", "coordinates": [[[-73.9317949, 40.8233106], [-73.9316641, 40.8233166], [-73.931647, 40.8231018], [-73.9317777, 40.8230958], [-73.9317949, 40.8233106]]]}, "properties": {"osm_id": 277268746, "sport": "tennis", "leisure": "pitch"}}, {"type": "Feature", "geometry": {"type": "Polygon", "coordinates": [[[-73.931623, 40.8233177], [-73.9314911, 40.8233238], [-73.931474, 40.8231103], [-73.9316059, 40.8231042], [-73.931623, 40.8233177]]]}, "properties": {"osm_id": 277268747, "sport": "tennis", "leisure": "pitch"}}, {"type": "Feature", "geometry": {"type": "Polygon", "coordinates": [[[-73.9314507, 40.8233268], [-73.931318, 40.8233331], [-73.9313, 40.8231188], [-73.9314327, 40.8231124], [-73.9314507, 40.8233268]]]}, "properties": {"osm_id": 277268748, "sport": "tennis", "leisure": "pitch"}}, {"type": "Feature", "geometry": {"type": "Polygon", "coordinates": [[[-73.9314779, 40.8236579], [-73.9313455, 40.8236651], [-73.9313286, 40.8234471], [-73.9314584, 40.82344], [-73.9314779, 40.8236579]]]}, "properties": {"osm_id": 277268749, "sport": "tennis", "leisure": "pitch"}}, {"type": "Feature", "geometry": {"type": "Polygon", "coordinates": [[[-73.931519, 40.8236568], [-73.9315014, 40.8234389], [-73.9316324, 40.8234328], [-73.9316501, 40.8236507], [-73.931519, 40.8236568]]]}, "properties": {"osm_id": 277268750, "sport": "tennis", "leisure": "pitch"}}, {"type": "Feature", "geometry": {"type": "Polygon", "coordinates": [[[-73.9316912, 40.8236484], [-73.9318224, 40.823642], [-73.9318036, 40.8234238], [-73.9316725, 40.8234303], [-73.9316912, 40.8236484]]]}, "properties": {"osm_id": 277268751, "sport": "tennis", "leisure": "pitch"}}, {"type": "Feature", "geometry": {"type": "Polygon", "coordinates": [[[-73.9319975, 40.8236325], [-73.9318672, 40.8236386], [-73.9318496, 40.8234249], [-73.9319799, 40.8234188], [-73.9319975, 40.8236325]]]}, "properties": {"osm_id": 277268752, "sport": "tennis", "leisure": "pitch"}}, {"type": "Feature", "geometry": {"type": "Polygon", "coordinates": [[[-73.9313753, 40.8239905], [-73.931356, 40.8237776], [-73.9314862, 40.8237708], [-73.9315055, 40.8239837], [-73.9313753, 40.8239905]]]}, "properties": {"osm_id": 277268753, "sport": "tennis", "leisure": "pitch"}}, {"type": "Feature", "geometry": {"type": "Polygon", "coordinates": [[[-73.931548, 40.8239819], [-73.9315302, 40.8237697], [-73.9316591, 40.8237635], [-73.9316769, 40.8239757], [-73.931548, 40.8239819]]]}, "properties": {"osm_id": 277268754, "sport": "tennis", "leisure": "pitch"}}, {"type": "Feature", "geometry": {"type": "Polygon", "coordinates": [[[-73.9318512, 40.8239675], [-73.9317207, 40.8239732], [-73.9317031, 40.8237619], [-73.931833, 40.8237557], [-73.9318512, 40.8239675]]]}, "properties": {"osm_id": 277268755, "sport": "tennis", "leisure": "pitch"}}, {"type": "Feature", "geometry": {"type": "Polygon", "coordinates": [[[-73.9318951, 40.8239651], [-73.9318756, 40.8237553], [-73.9320074, 40.8237477], [-73.9320237, 40.8239589], [-73.9318951, 40.8239651]]]}, "properties": {"osm_id": 277268756, "sport": "tennis", "leisure": "pitch"}}, {"type": "Feature", "geometry": {"type": "Polygon", "coordinates": [[[-73.9266332, 40.8212632], [-73.926535, 40.8212458], [-73.9264421, 40.8212793], [-73.9259848, 40.8214441], [-73.9261731, 40.8216225], [-73.9263991, 40.8217192], [-73.9266496, 40.8217018], [-73.9268887, 40.8216176], [-73.9266332, 40.8212632]]]}, "properties": {"osm_id": 277747303, "sport": "baseball", "leisure": "pitch"}}, {"type": "Feature", "geometry": {"type": "Polygon", "coordinates": [[[-73.9268641, 40.8220674], [-73.9268363, 40.8220141], [-73.9263139, 40.8218691], [-73.9261862, 40.8220661], [-73.9262124, 40.8222607], [-73.926386, 40.8223908], [-73.9266332, 40.822449], [-73.9268641, 40.8220674]]]}, "properties": {"osm_id": 277747304, "sport": "baseball", "leisure": "pitch"}}, {"type": "Feature", "geometry": {"type": "Polygon", "coordinates": [[[-73.9262973, 40.8210686], [-73.9264601, 40.8210046], [-73.9266055, 40.82122], [-73.926535, 40.8212458], [-73.9264421, 40.8212793], [-73.9263676, 40.8211708], [-73.9262973, 40.8210686]]]}, "properties": {"osm_id": 277747308, "sport": "basketball", "leisure": "pitch"}}, {"type": "Feature", "geometry": {"type": "Polygon", "coordinates": [[[-73.9241664, 40.8341395], [-73.9243906, 40.8337237], [-73.9240407, 40.8336157], [-73.9238166, 40.8340315], [-73.9241664, 40.8341395]]]}, "properties": {"osm_id": 277748734, "sport": "soccer", "leisure": "pitch"}}, {"type": "Feature", "geometry": {"type": "Polygon", "coordinates": [[[-73.9247361, 40.8331081], [-73.9243907, 40.832999], [-73.924169, 40.833401], [-73.9241607, 40.833416], [-73.9245061, 40.833525], [-73.9247361, 40.8331081]]]}, "properties": {"osm_id": 277748754, "sport": "soccer", "leisure": "pitch"}}, {"type": "Feature", "geometry": {"type": "Polygon", "coordinates": [[[-73.923661, 40.8332096], [-73.9235973, 40.8332304], [-73.923014, 40.8330563], [-73.9231501, 40.832892], [-73.9233455, 40.8327781], [-73.9236017, 40.8327672], [-73.9238361, 40.8328723], [-73.923661, 40.8332096]]]}, "properties": {"osm_id": 277748757, "sport": "baseball", "leisure": "pitch"}}, {"type": "Feature", "geometry": {"type": "Polygon", "coordinates": [[[-73.9229243, 40.8332227], [-73.9234873, 40.8334012], [-73.9235134, 40.8334571], [-73.9233412, 40.8337889], [-73.923111, 40.8337473], [-73.9229156, 40.8336071], [-73.9228433, 40.8334198], [-73.9229243, 40.8332227]]]}, "properties": {"osm_id": 277748758, "sport": "baseball", "leisure": "pitch"}}, {"type": "Feature", "geometry": {"type": "Polygon", "coordinates": [[[-73.9246354, 40.8318558], [-73.9244694, 40.8317983], [-73.9245821, 40.831612], [-73.9247481, 40.8316695], [-73.9246354, 40.8318558]]]}, "properties": {"osm_id": 277748781, "sport": "basketball", "leisure": "pitch"}}, {"type": "Feature", "geometry": {"type": "Polygon", "coordinates": [[[-73.9247582, 40.8316532], [-73.9245893, 40.8315936], [-73.9247166, 40.8313869], [-73.9248856, 40.8314465], [-73.9247582, 40.8316532]]]}, "properties": {"osm_id": 277748782, "sport": "basketball", "leisure": "pitch"}}, {"type": "Feature", "geometry": {"type": "Polygon", "coordinates": [[[-73.8618763, 40.8803193], [-73.8620171, 40.8800579], [-73.8618371, 40.8800024], [-73.8616963, 40.8802639], [-73.8618763, 40.8803193]]]}, "properties": {"osm_id": 280345291, "leisure": "pitch"}}, {"type": "Feature", "geometry": {"type": "Polygon", "coordinates": [[[-73.8616226, 40.8802138], [-73.8617263, 40.8800139], [-73.8616079, 40.8799788], [-73.8615041, 40.8801787], [-73.8616226, 40.8802138]]]}, "properties": {"osm_id": 280345292, "leisure": "pitch"}}, {"type": "Feature", "geometry": {"type": "Polygon", "coordinates": [[[-73.8622352, 40.8803592], [-73.8623586, 40.8801351], [-73.862179, 40.8800807], [-73.8620622, 40.8803054], [-73.8622352, 40.8803592]]]}, "properties": {"osm_id": 280345293, "leisure": "pitch"}}, {"type": "Feature", "geometry": {"type": "Polygon", "coordinates": [[[-73.8617345, 40.8806134], [-73.8618561, 40.8803929], [-73.862023, 40.8804456], [-73.8619014, 40.880666], [-73.8617345, 40.8806134]]]}, "properties": {"osm_id": 280345294, "leisure": "pitch"}}, {"type": "Feature", "geometry": {"type": "Polygon", "coordinates": [[[-73.877823, 40.8779196], [-73.8779149, 40.877845], [-73.8781241, 40.8779924], [-73.8780322, 40.878067], [-73.877823, 40.8779196]]]}, "properties": {"osm_id": 280381270, "sport": "tennis", "leisure": "pitch"}}, {"type": "Feature", "geometry": {"type": "Polygon", "coordinates": [[[-73.8776868, 40.8783473], [-73.8775993, 40.8784184], [-73.87739, 40.8782711], [-73.8774776, 40.8782], [-73.8776868, 40.8783473]]]}, "properties": {"osm_id": 280381271, "sport": "tennis", "leisure": "pitch"}}, {"type": "Feature", "geometry": {"type": "Polygon", "coordinates": [[[-73.8781502, 40.877654], [-73.8782409, 40.8775804], [-73.8784501, 40.8777278], [-73.8783594, 40.8778014], [-73.8781502, 40.877654]]]}, "properties": {"osm_id": 280381273, "sport": "tennis", "leisure": "pitch"}}, {"type": "Feature", "geometry": {"type": "Polygon", "coordinates": [[[-73.8776058, 40.8780959], [-73.8776955, 40.8780231], [-73.8779048, 40.8781704], [-73.877815, 40.8782433], [-73.8776058, 40.8780959]]]}, "properties": {"osm_id": 280381274, "sport": "tennis", "leisure": "pitch"}}, {"type": "Feature", "geometry": {"type": "Polygon", "coordinates": [[[-73.8774971, 40.8781841], [-73.8775873, 40.8781109], [-73.8777965, 40.8782583], [-73.8777064, 40.8783315], [-73.8774971, 40.8781841]]]}, "properties": {"osm_id": 280381276, "sport": "tennis", "leisure": "pitch"}}, {"type": "Feature", "geometry": {"type": "Polygon", "coordinates": [[[-73.8779308, 40.8778321], [-73.8780235, 40.8777569], [-73.8782327, 40.8779042], [-73.8781401, 40.8779794], [-73.8779308, 40.8778321]]]}, "properties": {"osm_id": 280381277, "sport": "tennis", "leisure": "pitch"}}, {"type": "Feature", "geometry": {"type": "Polygon", "coordinates": [[[-73.87787, 40.8768546], [-73.8777555, 40.8767753], [-73.8779468, 40.8766172], [-73.8780613, 40.8766964], [-73.87787, 40.8768546]]]}, "properties": {"osm_id": 280381279, "sport": "basketball", "leisure": "pitch"}}, {"type": "Feature", "geometry": {"type": "Polygon", "coordinates": [[[-73.8777126, 40.8780092], [-73.8778056, 40.8779338], [-73.8780148, 40.8780811], [-73.8779218, 40.8781566], [-73.8777126, 40.8780092]]]}, "properties": {"osm_id": 280381280, "sport": "tennis", "leisure": "pitch"}}, {"type": "Feature", "geometry": {"type": "Polygon", "coordinates": [[[-73.8780406, 40.877743], [-73.8781323, 40.8776685], [-73.8783415, 40.8778159], [-73.8782499, 40.8778903], [-73.8780406, 40.877743]]]}, "properties": {"osm_id": 280381282, "sport": "tennis", "leisure": "pitch"}}, {"type": "Feature", "geometry": {"type": "Polygon", "coordinates": [[[-73.8775413, 40.8768734], [-73.8774048, 40.8767776], [-73.8776175, 40.8766044], [-73.877754, 40.8767002], [-73.8775413, 40.8768734]]]}, "properties": {"osm_id": 280381283, "sport": "basketball", "leisure": "pitch"}}, {"type": "Feature", "geometry": {"type": "Polygon", "coordinates": [[[-73.8771237, 40.8781445], [-73.8766998, 40.877843], [-73.8775935, 40.8771246], [-73.8780175, 40.8774262], [-73.8771237, 40.8781445]]]}, "properties": {"osm_id": 280381286, "sport": "american_football", "leisure": "pitch"}}, {"type": "Feature", "geometry": {"type": "Polygon", "coordinates": [[[-73.832486, 40.8778246], [-73.8323258, 40.877771], [-73.8324365, 40.8775819], [-73.8325967, 40.8776355], [-73.832486, 40.8778246]]]}, "properties": {"osm_id": 285025074, "sport": "basketball", "leisure": "pitch"}}, {"type": "Feature", "geometry": {"type": "Polygon", "coordinates": [[[-73.8326268, 40.8776446], [-73.8327938, 40.8776998], [-73.8326809, 40.8778949], [-73.8325139, 40.8778396], [-73.8326268, 40.8776446]]]}, "properties": {"osm_id": 285025075, "sport": "basketball", "leisure": "pitch"}}, {"type": "Feature", "geometry": {"type": "Polygon", "coordinates": [[[-73.8320285, 40.8729002], [-73.8318543, 40.8729004], [-73.8318516, 40.8726746], [-73.8320305, 40.8726734], [-73.8320285, 40.8729002]]]}, "properties": {"osm_id": 285025932, "sport": "basketball", "leisure": "pitch"}}, {"type": "Feature", "geometry": {"type": "Polygon", "coordinates": [[[-73.8254951, 40.8731578], [-73.8256562, 40.8728716], [-73.8258464, 40.8729329], [-73.8256853, 40.873219], [-73.8254951, 40.8731578]]]}, "properties": {"osm_id": 285028858, "sport": "tennis", "leisure": "pitch"}}, {"type": "Feature", "geometry": {"type": "Polygon", "coordinates": [[[-73.8229568, 40.8221881], [-73.8231397, 40.8222362], [-73.823034, 40.8224662], [-73.8228511, 40.8224181], [-73.8229568, 40.8221881]]]}, "properties": {"osm_id": 285039677, "sport": "basketball", "leisure": "pitch"}}, {"type": "Feature", "geometry": {"type": "Polygon", "coordinates": [[[-73.8542095, 40.8052582], [-73.8539095, 40.8050923], [-73.8540348, 40.8049625], [-73.8543348, 40.8051283], [-73.8542095, 40.8052582]]]}, "properties": {"osm_id": 285053097, "sport": "basketball", "leisure": "pitch"}}, {"type": "Feature", "geometry": {"type": "Polygon", "coordinates": [[[-73.8568324, 40.8101633], [-73.8568734, 40.8103584], [-73.8566916, 40.8103804], [-73.8566505, 40.8101853], [-73.8568324, 40.8101633]]]}, "properties": {"osm_id": 285055309, "sport": "basketball", "leisure": "pitch"}}, {"type": "Feature", "geometry": {"type": "Polygon", "coordinates": [[[-73.8687215, 40.8193128], [-73.8684287, 40.8193507], [-73.8684032, 40.8192382], [-73.868696, 40.8192002], [-73.8687215, 40.8193128]]]}, "properties": {"osm_id": 285058169, "sport": "tennis", "leisure": "pitch"}}, {"type": "Feature", "geometry": {"type": "Polygon", "coordinates": [[[-73.8687599, 40.8194768], [-73.8684636, 40.8195152], [-73.8684387, 40.8194052], [-73.868735, 40.8193668], [-73.8687599, 40.8194768]]]}, "properties": {"osm_id": 285058170, "sport": "tennis", "leisure": "pitch"}}, {"type": "Feature", "geometry": {"type": "Polygon", "coordinates": [[[-73.861104, 40.8210492], [-73.860974, 40.8210679], [-73.8609214, 40.8208584], [-73.8610514, 40.8208397], [-73.861104, 40.8210492]]]}, "properties": {"osm_id": 285062101, "sport": "tennis", "leisure": "pitch", "surface": "paved"}}, {"type": "Feature", "geometry": {"type": "Polygon", "coordinates": [[[-73.8601064, 40.8224274], [-73.859679, 40.8224809], [-73.8596273, 40.822244], [-73.8600547, 40.8221906], [-73.8601064, 40.8224274]]]}, "properties": {"osm_id": 285062409, "sport": "basketball", "leisure": "pitch"}}, {"type": "Feature", "geometry": {"type": "Polygon", "coordinates": [[[-73.8630578, 40.8224964], [-73.8627518, 40.8225365], [-73.8627843, 40.8226782], [-73.8630902, 40.8226381], [-73.8630578, 40.8224964]]]}, "properties": {"osm_id": 285063530, "sport": "basketball", "leisure": "pitch"}}, {"type": "Feature", "geometry": {"type": "Polygon", "coordinates": [[[-73.8627607, 40.8226715], [-73.8624886, 40.8227082], [-73.8624599, 40.822586], [-73.862732, 40.8225494], [-73.8627607, 40.8226715]]]}, "properties": {"osm_id": 285063531, "sport": "basketball", "leisure": "pitch"}}, {"type": "Feature", "geometry": {"type": "Polygon", "coordinates": [[[-73.8897106, 40.8161013], [-73.889751, 40.816269], [-73.8894588, 40.8163092], [-73.8894267, 40.8163136], [-73.8893864, 40.8161459], [-73.8897106, 40.8161013]]]}, "properties": {"osm_id": 285093866, "sport": "basketball", "leisure": "pitch"}}, {"type": "Feature", "geometry": {"type": "Polygon", "coordinates": [[[-73.8885331, 40.8058991], [-73.8885682, 40.8060459], [-73.8882514, 40.8060893], [-73.8882163, 40.8059425], [-73.8885331, 40.8058991]]]}, "properties": {"osm_id": 285100688, "sport": "basketball", "leisure": "pitch"}}, {"type": "Feature", "geometry": {"type": "Polygon", "coordinates": [[[-73.8734879, 40.8272333], [-73.8731309, 40.8272786], [-73.8730744, 40.827024], [-73.8734314, 40.8269786], [-73.8734879, 40.8272333]]]}, "properties": {"osm_id": 285116081, "sport": "basketball", "leisure": "pitch"}}, {"type": "Feature", "geometry": {"type": "Polygon", "coordinates": [[[-73.869222, 40.8280995], [-73.8685738, 40.8281846], [-73.8684978, 40.8278532], [-73.8691459, 40.8277681], [-73.869222, 40.8280995]]]}, "properties": {"osm_id": 285118336, "sport": "basketball", "leisure": "pitch"}}, {"type": "Feature", "geometry": {"type": "Polygon", "coordinates": [[[-73.8728495, 40.8371935], [-73.87221, 40.8370861], [-73.8722947, 40.8368081], [-73.8723543, 40.8368207], [-73.8724736, 40.8368514], [-73.8725894, 40.8368875], [-73.8727063, 40.8369399], [-73.8728017, 40.8369904], [-73.8728936, 40.8370644], [-73.8728495, 40.8371935]]]}, "properties": {"osm_id": 285120145, "leisure": "pitch"}}, {"type": "Feature", "geometry": {"type": "Polygon", "coordinates": [[[-73.8392547, 40.8391523], [-73.8389627, 40.8391317], [-73.8389764, 40.8390199], [-73.8392685, 40.8390405], [-73.8392547, 40.8391523]]]}, "properties": {"osm_id": 285135387, "sport": "tennis", "leisure": "pitch"}}, {"type": "Feature", "geometry": {"type": "Polygon", "coordinates": [[[-73.8395108, 40.8391614], [-73.8393802, 40.8391501], [-73.8394147, 40.8389382], [-73.8395445, 40.8389496], [-73.8395108, 40.8391614]]]}, "properties": {"osm_id": 285135388, "sport": "tennis", "leisure": "pitch"}}, {"type": "Feature", "geometry": {"type": "Polygon", "coordinates": [[[-73.8450625, 40.8408908], [-73.8448111, 40.8410828], [-73.8443156, 40.8407117], [-73.844567, 40.8405196], [-73.8450625, 40.8408908]]]}, "properties": {"osm_id": 285142948, "leisure": "pitch"}}, {"type": "Feature", "geometry": {"type": "Polygon", "coordinates": [[[-73.8455489, 40.8388206], [-73.8453122, 40.8386606], [-73.8451599, 40.8387895], [-73.8453966, 40.8389495], [-73.8455489, 40.8388206]]]}, "properties": {"osm_id": 285142949, "sport": "basketball", "leisure": "pitch"}}, {"type": "Feature", "geometry": {"type": "Polygon", "coordinates": [[[-73.8532773, 40.839104], [-73.8532994, 40.8392506], [-73.8529601, 40.8392798], [-73.852938, 40.8391332], [-73.8532773, 40.839104]]]}, "properties": {"osm_id": 285145970, "sport": "basketball", "leisure": "pitch"}}, {"type": "Feature", "geometry": {"type": "Polygon", "coordinates": [[[-73.8401744, 40.8736833], [-73.8400045, 40.8737343], [-73.8398898, 40.8735157], [-73.8400597, 40.8734647], [-73.8401744, 40.8736833]]]}, "properties": {"osm_id": 285237418, "sport": "basketball", "leisure": "pitch"}}, {"type": "Feature", "geometry": {"type": "Polygon", "coordinates": [[[-73.8965263, 40.8422965], [-73.8963937, 40.842166], [-73.8962809, 40.8420005], [-73.8962378, 40.8418475], [-73.8962179, 40.8416844], [-73.896271, 40.8415113], [-73.8963605, 40.8413332], [-73.8964832, 40.8412078], [-73.896639, 40.8411049], [-73.8971862, 40.841579], [-73.8972492, 40.8415364], [-73.8974577, 40.8417341], [-73.89745, 40.8417633], [-73.8970469, 40.8420381], [-73.8969806, 40.8419804], [-73.8965263, 40.8422965]]]}, "properties": {"osm_id": 285519381, "sport": "baseball", "leisure": "pitch"}}, {"type": "Feature", "geometry": {"type": "Polygon", "coordinates": [[[-73.8912998, 40.8403758], [-73.8913694, 40.8403052], [-73.8914148, 40.8402592], [-73.8914372, 40.8402157], [-73.8914414, 40.8401711], [-73.8914176, 40.8401223], [-73.8913727, 40.840082], [-73.8913222, 40.8400492], [-73.8912479, 40.8400343], [-73.8911764, 40.8400354], [-73.8911092, 40.840064], [-73.8909788, 40.8401881], [-73.8909928, 40.8401963], [-73.8912998, 40.8403758]]]}, "properties": {"osm_id": 285709336, "sport": "basketball", "leisure": "pitch"}}, {"type": "Feature", "geometry": {"type": "Polygon", "coordinates": [[[-73.8947965, 40.8367973], [-73.8949704, 40.8365683], [-73.8947675, 40.8364817], [-73.8945944, 40.8367094], [-73.8947813, 40.8367907], [-73.8947965, 40.8367973]]]}, "properties": {"osm_id": 285709385, "sport": "american_handball", "leisure": "pitch"}}, {"type": "Feature", "geometry": {"type": "Polygon", "coordinates": [[[-73.8947581, 40.8406862], [-73.8946356, 40.840644], [-73.8947526, 40.8404499], [-73.8948751, 40.8404922], [-73.8947581, 40.8406862]]]}, "properties": {"osm_id": 285712502, "sport": "tennis", "leisure": "pitch"}}, {"type": "Feature", "geometry": {"type": "Polygon", "coordinates": [[[-73.8946078, 40.8406341], [-73.8944875, 40.840593], [-73.8946039, 40.8403979], [-73.8947242, 40.840439], [-73.8946078, 40.8406341]]]}, "properties": {"osm_id": 285712505, "sport": "tennis", "leisure": "pitch"}}, {"type": "Feature", "geometry": {"type": "Polygon", "coordinates": [[[-73.8944628, 40.8405809], [-73.8943446, 40.8405406], [-73.8944605, 40.8403462], [-73.8945787, 40.8403865], [-73.8944628, 40.8405809]]]}, "properties": {"osm_id": 285712506, "sport": "tennis", "leisure": "pitch"}}, {"type": "Feature", "geometry": {"type": "Polygon", "coordinates": [[[-73.8943152, 40.8405318], [-73.894195, 40.8404916], [-73.8943097, 40.8402953], [-73.8944299, 40.8403355], [-73.8943152, 40.8405318]]]}, "properties": {"osm_id": 285712508, "sport": "tennis", "leisure": "pitch"}}, {"type": "Feature", "geometry": {"type": "Polygon", "coordinates": [[[-73.8941674, 40.8404815], [-73.8940484, 40.8404413], [-73.8941637, 40.8402458], [-73.8942828, 40.840286], [-73.8941674, 40.8404815]]]}, "properties": {"osm_id": 285712510, "sport": "tennis", "leisure": "pitch"}}, {"type": "Feature", "geometry": {"type": "Polygon", "coordinates": [[[-73.8949391, 40.8403834], [-73.8950555, 40.8401892], [-73.8949326, 40.840147], [-73.8948162, 40.8403412], [-73.8949391, 40.8403834]]]}, "properties": {"osm_id": 285712511, "sport": "tennis", "leisure": "pitch"}}, {"type": "Feature", "geometry": {"type": "Polygon", "coordinates": [[[-73.8947934, 40.84033], [-73.8946728, 40.8402891], [-73.8947873, 40.8400958], [-73.8949078, 40.8401367], [-73.8947934, 40.84033]]]}, "properties": {"osm_id": 285712513, "sport": "tennis", "leisure": "pitch"}}, {"type": "Feature", "geometry": {"type": "Polygon", "coordinates": [[[-73.8946409, 40.8402792], [-73.8945204, 40.8402373], [-73.8946379, 40.840044], [-73.8947584, 40.8400859], [-73.8946409, 40.8402792]]]}, "properties": {"osm_id": 285712514, "sport": "tennis", "leisure": "pitch"}}, {"type": "Feature", "geometry": {"type": "Polygon", "coordinates": [[[-73.8944941, 40.8402328], [-73.8943754, 40.8401916], [-73.8944945, 40.8399953], [-73.8946132, 40.8400366], [-73.8944941, 40.8402328]]]}, "properties": {"osm_id": 285712517, "sport": "tennis", "leisure": "pitch"}}, {"type": "Feature", "geometry": {"type": "Polygon", "coordinates": [[[-73.8943487, 40.8401802], [-73.8942282, 40.8401388], [-73.8943449, 40.8399444], [-73.8944654, 40.8399858], [-73.8943487, 40.8401802]]]}, "properties": {"osm_id": 285712519, "sport": "tennis", "leisure": "pitch"}}, {"type": "Feature", "geometry": {"type": "Polygon", "coordinates": [[[-73.8956407, 40.8448666], [-73.8957294, 40.8446764], [-73.8958677, 40.84438], [-73.8958994, 40.8443656], [-73.8959331, 40.8443526], [-73.8959761, 40.8443657], [-73.8960449, 40.8443917], [-73.8960982, 40.8444177], [-73.8961756, 40.8444645], [-73.8962444, 40.8445192], [-73.8962943, 40.8445634], [-73.8963424, 40.8446324], [-73.8963734, 40.8446923], [-73.896394, 40.8447534], [-73.8964026, 40.8448055], [-73.8964044, 40.8448744], [-73.8964009, 40.8449408], [-73.896394, 40.8449863], [-73.896382, 40.8450293], [-73.896351, 40.8450787], [-73.8962805, 40.8451073], [-73.895682, 40.8449538], [-73.8956407, 40.8448666]]]}, "properties": {"osm_id": 285946776, "sport": "baseball", "leisure": "pitch"}}, {"type": "Feature", "geometry": {"type": "Polygon", "coordinates": [[[-73.8944713, 40.8448573], [-73.8945693, 40.8447049], [-73.8945363, 40.8446928], [-73.8944734, 40.8446696], [-73.8942714, 40.8445954], [-73.8941735, 40.8447478], [-73.8944713, 40.8448573]]]}, "properties": {"osm_id": 285946781, "sport": "american_handball", "leisure": "pitch"}}, {"type": "Feature", "geometry": {"type": "Polygon", "coordinates": [[[-73.9015516, 40.849109], [-73.9014436, 40.8492246], [-73.9011939, 40.8490855], [-73.9013004, 40.8489721], [-73.9015516, 40.849109]]]}, "properties": {"osm_id": 285973723, "sport": "basketball", "leisure": "pitch"}}, {"type": "Feature", "geometry": {"type": "Polygon", "coordinates": [[[-73.9012554, 40.8491988], [-73.9011211, 40.8491919], [-73.901097, 40.8494631], [-73.9011761, 40.8494653], [-73.9012354, 40.8494428], [-73.9012554, 40.8491988]]]}, "properties": {"osm_id": 285973725, "sport": "american_handball", "leisure": "pitch"}}, {"type": "Feature", "geometry": {"type": "Polygon", "coordinates": [[[-73.9116401, 40.8568302], [-73.9115184, 40.8567888], [-73.9116351, 40.8565928], [-73.9117567, 40.8566342], [-73.9116401, 40.8568302]]]}, "properties": {"osm_id": 286996630, "sport": "tennis", "leisure": "pitch"}}, {"type": "Feature", "geometry": {"type": "Polygon", "coordinates": [[[-73.9118323, 40.8565016], [-73.9117154, 40.8564622], [-73.9118306, 40.8562667], [-73.9119475, 40.8563061], [-73.9118323, 40.8565016]]]}, "properties": {"osm_id": 286996631, "sport": "tennis", "leisure": "pitch"}}, {"type": "Feature", "geometry": {"type": "Polygon", "coordinates": [[[-73.8508373, 40.8660053], [-73.8508447, 40.8657751], [-73.8507589, 40.8657736], [-73.8507516, 40.8660038], [-73.8508373, 40.8660053]]]}, "properties": {"osm_id": 292660619, "sport": "bowls", "leisure": "pitch"}}, {"type": "Feature", "geometry": {"type": "Polygon", "coordinates": [[[-73.8504152, 40.8660004], [-73.8504206, 40.865751], [-73.850186, 40.865748], [-73.8501805, 40.8659975], [-73.8504152, 40.8660004]]]}, "properties": {"osm_id": 292660684, "sport": "basketball", "leisure": "pitch"}}, {"type": "Feature", "geometry": {"type": "Polygon", "coordinates": [[[-73.8506921, 40.8660087], [-73.850455, 40.8660047], [-73.8504624, 40.865759], [-73.8506994, 40.8657631], [-73.8506921, 40.8660087]]]}, "properties": {"osm_id": 292660700, "sport": "american_handball", "leisure": "pitch"}}, {"type": "Feature", "geometry": {"type": "Polygon", "coordinates": [[[-73.8707435, 40.851323], [-73.8705504, 40.850744], [-73.8701614, 40.8508182], [-73.8703545, 40.8513972], [-73.8707435, 40.851323]]]}, "properties": {"osm_id": 292660861, "sport": "basketball", "leisure": "pitch", "name": "Bronx Park Basketball Courts"}}, {"type": "Feature", "geometry": {"type": "Polygon", "coordinates": [[[-73.8870684, 40.8558936], [-73.8870358, 40.8558669], [-73.8868384, 40.856005], [-73.886871, 40.8560317], [-73.8870684, 40.8558936]]]}, "properties": {"osm_id": 292660931, "sport": "bowls", "leisure": "pitch"}}, {"type": "Feature", "geometry": {"type": "Polygon", "coordinates": [[[-73.914191, 40.8513237], [-73.9141777, 40.8513127], [-73.9140879, 40.8512378], [-73.9139008, 40.8513661], [-73.9140044, 40.8514525], [-73.9140938, 40.8513911], [-73.914191, 40.8513237]]]}, "properties": {"osm_id": 294237314, "sport": "basketball", "leisure": "pitch"}}, {"type": "Feature", "geometry": {"type": "Polygon", "coordinates": [[[-73.9140938, 40.8513911], [-73.9140044, 40.8514525], [-73.9140746, 40.8515134], [-73.9141667, 40.8514512], [-73.9140938, 40.8513911]]]}, "properties": {"osm_id": 294237315, "sport": "basketball", "leisure": "pitch"}}, {"type": "Feature", "geometry": {"type": "Polygon", "coordinates": [[[-73.9141667, 40.8514512], [-73.9142646, 40.8513832], [-73.914191, 40.8513237], [-73.9140938, 40.8513911], [-73.9141667, 40.8514512]]]}, "properties": {"osm_id": 294241325, "sport": "basketball", "leisure": "pitch"}}, {"type": "Feature", "geometry": {"type": "Polygon", "coordinates": [[[-73.9085395, 40.8578534], [-73.9084016, 40.857783], [-73.9082282, 40.8579808], [-73.9083666, 40.8580484], [-73.9085395, 40.8578534]]]}, "properties": {"osm_id": 294248633, "sport": "basketball", "leisure": "pitch"}}, {"type": "Feature", "geometry": {"type": "Polygon", "coordinates": [[[-73.9083666, 40.8580484], [-73.9082093, 40.8582326], [-73.908071, 40.8581651], [-73.9082282, 40.8579808], [-73.9083666, 40.8580484]]]}, "properties": {"osm_id": 294248634, "sport": "basketball", "leisure": "pitch"}}, {"type": "Feature", "geometry": {"type": "Polygon", "coordinates": [[[-73.9114902, 40.8571091], [-73.9116167, 40.8568878], [-73.9114431, 40.856831], [-73.9113167, 40.8570524], [-73.9114902, 40.8571091]]]}, "properties": {"osm_id": 294248669, "sport": "american_handball", "leisure": "pitch"}}, {"type": "Feature", "geometry": {"type": "Polygon", "coordinates": [[[-73.9060392, 40.8634312], [-73.9058454, 40.8635062], [-73.9057744, 40.8634013], [-73.9059681, 40.8633263], [-73.9060392, 40.8634312]]]}, "properties": {"osm_id": 294357875, "sport": "basketball", "leisure": "pitch"}}, {"type": "Feature", "geometry": {"type": "Polygon", "coordinates": [[[-73.9058174, 40.863519], [-73.9057455, 40.8634143], [-73.9055547, 40.8634892], [-73.9056266, 40.8635939], [-73.9058174, 40.863519]]]}, "properties": {"osm_id": 294357876, "sport": "basketball", "leisure": "pitch"}}, {"type": "Feature", "geometry": {"type": "Polygon", "coordinates": [[[-73.9100868, 40.8640752], [-73.9099184, 40.8643094], [-73.9097459, 40.8642384], [-73.9099143, 40.8640043], [-73.9100868, 40.8640752]]]}, "properties": {"osm_id": 294357883, "sport": "basketball", "leisure": "pitch"}}, {"type": "Feature", "geometry": {"type": "Polygon", "coordinates": [[[-73.9098086, 40.8644548], [-73.9098968, 40.8643329], [-73.9097322, 40.8642647], [-73.9096439, 40.8643867], [-73.9098086, 40.8644548]]]}, "properties": {"osm_id": 294357884, "sport": "basketball", "leisure": "pitch"}}, {"type": "Feature", "geometry": {"type": "Polygon", "coordinates": [[[-73.9100104, 40.8639246], [-73.909858, 40.8638604], [-73.9100044, 40.8636617], [-73.9101568, 40.863726], [-73.9100104, 40.8639246]]]}, "properties": {"osm_id": 294357885, "sport": "basketball", "leisure": "pitch"}}, {"type": "Feature", "geometry": {"type": "Polygon", "coordinates": [[[-73.9101996, 40.8637124], [-73.9098679, 40.8635752], [-73.9100833, 40.8632774], [-73.910415, 40.8634147], [-73.9101996, 40.8637124]]]}, "properties": {"osm_id": 294357886, "sport": "american_handball", "leisure": "pitch"}}, {"type": "Feature", "geometry": {"type": "Polygon", "coordinates": [[[-73.9105407, 40.8634574], [-73.9109323, 40.863003], [-73.9103998, 40.862718], [-73.9101692, 40.8629746], [-73.9101263, 40.863074], [-73.9101048, 40.8631734], [-73.910137, 40.8632475], [-73.9101933, 40.8633134], [-73.9105407, 40.8634574]]]}, "properties": {"osm_id": 294357887, "sport": "baseball", "leisure": "pitch"}}, {"type": "Feature", "geometry": {"type": "Polygon", "coordinates": [[[-73.9044097, 40.8691015], [-73.9043801, 40.8689665], [-73.9040845, 40.8690035], [-73.904114, 40.8691385], [-73.9044097, 40.8691015]]]}, "properties": {"osm_id": 294357895, "sport": "basketball", "leisure": "pitch"}}, {"type": "Feature", "geometry": {"type": "Polygon", "coordinates": [[[-73.9069076, 40.8695892], [-73.9067453, 40.8695497], [-73.9068459, 40.8693357], [-73.9070055, 40.8693722], [-73.9069076, 40.8695892]]]}, "properties": {"osm_id": 294357896, "sport": "basketball", "leisure": "pitch"}}, {"type": "Feature", "geometry": {"type": "Polygon", "coordinates": [[[-73.8905667, 40.8765641], [-73.8906885, 40.8763996], [-73.8906584, 40.8763077], [-73.8907342, 40.876296], [-73.8907636, 40.876386], [-73.8909736, 40.8764827], [-73.8909661, 40.8765062], [-73.8909558, 40.876527], [-73.8909421, 40.8765466], [-73.8909252, 40.8765648], [-73.8909054, 40.8765811], [-73.890883, 40.8765955], [-73.8908583, 40.8766075], [-73.8908318, 40.8766171], [-73.8908039, 40.876624], [-73.890775, 40.8766282], [-73.8907457, 40.8766296], [-73.8907164, 40.8766281], [-73.8906876, 40.8766238], [-73.8906598, 40.8766168], [-73.8906333, 40.8766071], [-73.8906087, 40.876595], [-73.8905864, 40.8765806], [-73.8905667, 40.8765641]]]}, "properties": {"osm_id": 305088870, "sport": "athletics", "leisure": "pitch"}}, {"type": "Feature", "geometry": {"type": "Polygon", "coordinates": [[[-73.892129, 40.877006], [-73.8923388, 40.8771007], [-73.8924606, 40.877078], [-73.8924764, 40.877126], [-73.8923503, 40.8771507], [-73.8922277, 40.8773076], [-73.8921999, 40.8773025], [-73.8921732, 40.8772948], [-73.892148, 40.8772845], [-73.8921247, 40.877272], [-73.8921037, 40.8772573], [-73.8920854, 40.8772407], [-73.8920701, 40.8772224], [-73.8920579, 40.8772029], [-73.8920491, 40.8771823], [-73.8920439, 40.877161], [-73.8920423, 40.8771394], [-73.8920443, 40.8771179], [-73.89205, 40.8770967], [-73.8920592, 40.8770762], [-73.8920717, 40.8770568], [-73.8920875, 40.8770387], [-73.8921061, 40.8770223], [-73.892129, 40.877006]]]}, "properties": {"osm_id": 305088871, "sport": "athletics", "leisure": "pitch"}}, {"type": "Feature", "geometry": {"type": "Polygon", "coordinates": [[[-73.8912621, 40.8763424], [-73.8909139, 40.8761873], [-73.8908925, 40.8762147], [-73.8908787, 40.8762325], [-73.8908053, 40.8761998], [-73.8907843, 40.8761387], [-73.8908235, 40.8760885], [-73.8908499, 40.8761003], [-73.8908908, 40.8761185], [-73.8910969, 40.8758541], [-73.891145, 40.8758593], [-73.8911917, 40.8758696], [-73.8912361, 40.8758846], [-73.8912773, 40.8759041], [-73.8913146, 40.8759278], [-73.8913472, 40.875955], [-73.8913746, 40.8759855], [-73.8913961, 40.8760185], [-73.8914114, 40.8760534], [-73.8914201, 40.8760896], [-73.8914222, 40.8761263], [-73.8914176, 40.8761629], [-73.8914063, 40.8761987], [-73.8913886, 40.876233], [-73.8913648, 40.8762651], [-73.8913354, 40.8762944], [-73.891301, 40.8763203], [-73.8912621, 40.8763424]]]}, "properties": {"osm_id": 305088872, "sport": "baseball", "leisure": "pitch"}}, {"type": "Feature", "geometry": {"type": "Polygon", "coordinates": [[[-73.8930225, 40.8756252], [-73.8933712, 40.8757797], [-73.8933956, 40.8757483], [-73.8934063, 40.8757345], [-73.8934798, 40.8757671], [-73.8935008, 40.8758282], [-73.8934619, 40.8758785], [-73.8934377, 40.8758677], [-73.8933944, 40.8758485], [-73.8931891, 40.8761133], [-73.8931409, 40.8761081], [-73.8930942, 40.8760979], [-73.8930498, 40.876083], [-73.8930085, 40.8760635], [-73.8929711, 40.8760399], [-73.8929384, 40.8760127], [-73.892911, 40.8759823], [-73.8928894, 40.8759493], [-73.892874, 40.8759145], [-73.8928652, 40.8758783], [-73.892863, 40.8758415], [-73.8928675, 40.8758049], [-73.8928787, 40.8757691], [-73.8928963, 40.8757348], [-73.89292, 40.8757027], [-73.8929493, 40.8756734], [-73.8929837, 40.8756473], [-73.8930225, 40.8756252]]]}, "properties": {"osm_id": 305088873, "sport": "baseball", "leisure": "pitch"}}, {"type": "Feature", "geometry": {"type": "Polygon", "coordinates": [[[-73.8915681, 40.8752805], [-73.8915665, 40.8752734], [-73.891568, 40.8752639], [-73.8917154, 40.8750778], [-73.8916677, 40.8750562], [-73.8916506, 40.8750485], [-73.891685, 40.8750051], [-73.8917634, 40.8749902], [-73.8918214, 40.8750165], [-73.891807, 40.8750347], [-73.8917782, 40.8750711], [-73.892025, 40.8751828], [-73.8920303, 40.8751868], [-73.8920324, 40.8751923], [-73.89203, 40.8752136], [-73.8920226, 40.8752405], [-73.8920099, 40.8752663], [-73.8919925, 40.8752904], [-73.8919705, 40.8753124], [-73.8919446, 40.8753316], [-73.8919152, 40.8753478], [-73.891883, 40.8753606], [-73.8918487, 40.8753697], [-73.8918129, 40.8753749], [-73.8917766, 40.875376], [-73.8917404, 40.8753732], [-73.8917052, 40.8753663], [-73.8916717, 40.8753557], [-73.8916406, 40.8753414], [-73.8916126, 40.8753239], [-73.8915882, 40.8753034], [-73.8915681, 40.8752805]]]}, "properties": {"osm_id": 305088874, "sport": "baseball", "leisure": "pitch"}}, {"type": "Feature", "geometry": {"type": "Polygon", "coordinates": [[[-73.8927188, 40.8766833], [-73.8927206, 40.8766904], [-73.8927192, 40.8766999], [-73.892574, 40.876887], [-73.8926183, 40.8769066], [-73.8926391, 40.8769159], [-73.8926053, 40.8769595], [-73.892527, 40.8769749], [-73.8924687, 40.876949], [-73.8924801, 40.8769343], [-73.8925113, 40.8768941], [-73.8922631, 40.8767841], [-73.8922578, 40.8767801], [-73.8922557, 40.8767746], [-73.8922578, 40.8767533], [-73.8922649, 40.8767263], [-73.8922772, 40.8767005], [-73.8922944, 40.8766762], [-73.8923161, 40.8766541], [-73.8923418, 40.8766347], [-73.892371, 40.8766183], [-73.8924031, 40.8766053], [-73.8924373, 40.876596], [-73.8924729, 40.8765906], [-73.8925093, 40.8765892], [-73.8925455, 40.8765918], [-73.8925808, 40.8765984], [-73.8926144, 40.8766088], [-73.8926457, 40.8766229], [-73.8926739, 40.8766402], [-73.8926985, 40.8766605], [-73.8927188, 40.8766833]]]}, "properties": {"osm_id": 305088875, "sport": "baseball", "leisure": "pitch"}}, {"type": "Feature", "geometry": {"type": "Polygon", "coordinates": [[[-73.8921067, 40.8769956], [-73.891701, 40.8775079], [-73.8905857, 40.8770029], [-73.8909914, 40.8764906], [-73.8921067, 40.8769956]]]}, "properties": {"osm_id": 305088876, "sport": "soccer", "leisure": "pitch"}}, {"type": "Feature", "geometry": {"type": "Polygon", "coordinates": [[[-73.8882074, 40.8796841], [-73.8883253, 40.8797714], [-73.8883173, 40.8797965], [-73.8883714, 40.8798075], [-73.8883827, 40.8797812], [-73.8885395, 40.8797494], [-73.8885326, 40.8797326], [-73.8885231, 40.8797165], [-73.8885111, 40.8797014], [-73.8884969, 40.8796875], [-73.8884805, 40.8796749], [-73.8884623, 40.879664], [-73.8884425, 40.8796547], [-73.8884214, 40.8796473], [-73.8883992, 40.8796418], [-73.8883764, 40.8796384], [-73.8883531, 40.8796371], [-73.8883299, 40.8796379], [-73.8883069, 40.8796408], [-73.8882845, 40.8796457], [-73.8882631, 40.8796526], [-73.8882429, 40.8796614], [-73.8882242, 40.8796719], [-73.8882074, 40.8796841]]]}, "properties": {"osm_id": 305092831, "sport": "athletics", "leisure": "pitch"}}, {"type": "Feature", "geometry": {"type": "Polygon", "coordinates": [[[-73.8895384, 40.8798848], [-73.8895647, 40.879884], [-73.8898035, 40.8799557], [-73.889824, 40.8799541], [-73.8898709, 40.8799505], [-73.8898892, 40.8799972], [-73.8898628, 40.880006], [-73.8898275, 40.8800179], [-73.8897144, 40.8801941], [-73.8896881, 40.8802036], [-73.8896552, 40.8802028], [-73.8896227, 40.8801984], [-73.8895914, 40.8801907], [-73.8895618, 40.8801797], [-73.8895345, 40.8801657], [-73.8895101, 40.880149], [-73.8894891, 40.8801298], [-73.8894718, 40.8801086], [-73.8894586, 40.8800857], [-73.8894498, 40.8800617], [-73.8894455, 40.880037], [-73.8894459, 40.8800121], [-73.8894508, 40.8799875], [-73.8894603, 40.8799636], [-73.8894741, 40.879941], [-73.889492, 40.8799201], [-73.8895136, 40.8799012], [-73.8895384, 40.8798848]]]}, "properties": {"osm_id": 305092832, "sport": "baseball", "leisure": "pitch"}}, {"type": "Feature", "geometry": {"type": "Polygon", "coordinates": [[[-73.8895766, 40.878892], [-73.8895649, 40.8789268], [-73.8895471, 40.8789601], [-73.8895235, 40.8789913], [-73.8894944, 40.8790198], [-73.8894606, 40.879045], [-73.8894224, 40.8790665], [-73.8893808, 40.8790839], [-73.8893365, 40.8790968], [-73.8892902, 40.879105], [-73.8892429, 40.8791084], [-73.8891954, 40.8791069], [-73.8891486, 40.8791006], [-73.8891034, 40.8790895], [-73.8890606, 40.8790738], [-73.889021, 40.8790539], [-73.8889854, 40.87903], [-73.8889544, 40.8790028], [-73.8889286, 40.8789726], [-73.8889226, 40.8789539], [-73.889014, 40.8788537], [-73.8890368, 40.8788511], [-73.8891625, 40.8787249], [-73.8891576, 40.8786942], [-73.8891534, 40.878667], [-73.8892482, 40.8786584], [-73.8892534, 40.8786868], [-73.8892573, 40.8787085], [-73.8895681, 40.8788597], [-73.8895784, 40.8788744], [-73.8895766, 40.878892]]]}, "properties": {"osm_id": 305092833, "sport": "baseball", "leisure": "pitch"}}, {"type": "Feature", "geometry": {"type": "Polygon", "coordinates": [[[-73.8891115, 40.8806236], [-73.8885164, 40.8808192], [-73.888038, 40.879987], [-73.8886332, 40.8797915], [-73.8891115, 40.8806236]]]}, "properties": {"osm_id": 305092834, "sport": "soccer", "leisure": "pitch"}}, {"type": "Feature", "geometry": {"type": "Polygon", "coordinates": [[[-73.8882426, 40.8818541], [-73.8886237, 40.881728], [-73.8884184, 40.8813736], [-73.8880374, 40.8814998], [-73.8882016, 40.8817832], [-73.8882426, 40.8818541]]]}, "properties": {"osm_id": 305092839, "leisure": "pitch"}}, {"type": "Feature", "geometry": {"type": "Polygon", "coordinates": [[[-73.8890262, 40.8807326], [-73.8890226, 40.8807263], [-73.889108, 40.8806983], [-73.8891231, 40.8807246], [-73.8890377, 40.8807527], [-73.8890338, 40.8807458], [-73.8886006, 40.8808882], [-73.8885931, 40.880875], [-73.8890262, 40.8807326]]]}, "properties": {"osm_id": 305092843, "sport": "athletics", "leisure": "track"}}, {"type": "Feature", "geometry": {"type": "Polygon", "coordinates": [[[-73.8887278, 40.8808953], [-73.8891181, 40.880767], [-73.8891254, 40.8807797], [-73.8887358, 40.8809077], [-73.8887112, 40.8809315], [-73.8886623, 40.8809476], [-73.8886392, 40.8809073], [-73.8886881, 40.8808913], [-73.8887278, 40.8808953]]]}, "properties": {"osm_id": 305092846, "sport": "athletics", "leisure": "track"}}, {"type": "Feature", "geometry": {"type": "Polygon", "coordinates": [[[-73.9110274, 40.8584696], [-73.9110354, 40.8584551], [-73.9110865, 40.8584714], [-73.9110637, 40.8585124], [-73.9110126, 40.8584961], [-73.911022, 40.8584793], [-73.9106047, 40.8583464], [-73.9105964, 40.8583614], [-73.9105426, 40.8583443], [-73.9105639, 40.8583061], [-73.9106176, 40.8583232], [-73.9106101, 40.8583367], [-73.9110274, 40.8584696]]]}, "properties": {"osm_id": 305095841, "sport": "athletics", "leisure": "track"}}, {"type": "Feature", "geometry": {"type": "Polygon", "coordinates": [[[-73.9115136, 40.8580524], [-73.9114739, 40.8580528], [-73.9114344, 40.8580497], [-73.9113957, 40.8580431], [-73.9113582, 40.8580331], [-73.9113225, 40.8580199], [-73.9112891, 40.8580037], [-73.9112584, 40.8579846], [-73.9112309, 40.857963], [-73.9112068, 40.8579391], [-73.9111866, 40.8579132], [-73.9111705, 40.8578858], [-73.9111588, 40.8578571], [-73.9111515, 40.8578275], [-73.9111489, 40.8577976], [-73.9111508, 40.8577676], [-73.9111574, 40.8577379], [-73.9111684, 40.8577091], [-73.9111838, 40.8576814], [-73.9112034, 40.8576553], [-73.9112269, 40.857631], [-73.9112539, 40.857609], [-73.9112841, 40.8575895], [-73.9112958, 40.8575876], [-73.9116592, 40.8577109], [-73.9116824, 40.8576801], [-73.9117506, 40.8576927], [-73.9117764, 40.8577461], [-73.911744, 40.8577864], [-73.9116883, 40.8577833], [-73.9115286, 40.8580468], [-73.9115136, 40.8580524]]]}, "properties": {"osm_id": 305095845, "sport": "baseball", "leisure": "pitch", "surface": "sand"}}, {"type": "Feature", "geometry": {"type": "Polygon", "coordinates": [[[-73.9097107, 40.8586188], [-73.9095202, 40.8585216], [-73.9097513, 40.8582624], [-73.9099418, 40.8583595], [-73.9097107, 40.8586188]]]}, "properties": {"osm_id": 305095846, "sport": "american_football", "leisure": "pitch"}}, {"type": "Feature", "geometry": {"type": "Polygon", "coordinates": [[[-73.9106289, 40.8582843], [-73.9106238, 40.8582935], [-73.9105193, 40.8582602], [-73.9105365, 40.8582293], [-73.910641, 40.8582626], [-73.9106345, 40.8582742], [-73.9111908, 40.8584513], [-73.9111851, 40.8584614], [-73.9106289, 40.8582843]]]}, "properties": {"osm_id": 305095848, "sport": "athletics", "leisure": "track"}}, {"type": "Feature", "geometry": {"type": "Polygon", "coordinates": [[[-73.8712019, 40.8668689], [-73.8713043, 40.8669516], [-73.8713328, 40.8669861], [-73.871341, 40.866996], [-73.8713621, 40.8670215], [-73.8713733, 40.8670351], [-73.8714435, 40.8671779], [-73.8713756, 40.8671883], [-73.8712663, 40.867177], [-73.8712019, 40.8671517], [-73.871157, 40.8671082], [-73.8711329, 40.8670665], [-73.8711191, 40.8670073], [-73.8711283, 40.8669713], [-73.8711363, 40.8669403], [-73.8711616, 40.8669038], [-73.8711968, 40.8668733], [-73.8712019, 40.8668689]]]}, "properties": {"osm_id": 311998655, "sport": "skateboard;rollerblade;bike", "leisure": "pitch"}}, {"type": "Feature", "geometry": {"type": "Polygon", "coordinates": [[[-73.8714579, 40.8675435], [-73.8707687, 40.8675518], [-73.8707618, 40.8672233], [-73.871451, 40.8672151], [-73.8714579, 40.8675435]]]}, "properties": {"osm_id": 311998656, "sport": "soccer", "leisure": "pitch"}}, {"type": "Feature", "geometry": {"type": "Polygon", "coordinates": [[[-73.9200023, 40.84439], [-73.9198921, 40.8445045], [-73.9198229, 40.8445501], [-73.919766, 40.8445814], [-73.919677, 40.8446201], [-73.9195867, 40.8446448], [-73.9194864, 40.8446589], [-73.9194128, 40.8446629], [-73.9193491, 40.8446619], [-73.919273, 40.8446525], [-73.9191974, 40.8446371], [-73.9190439, 40.8445889], [-73.9191024, 40.8445195], [-73.9191315, 40.8444039], [-73.9193353, 40.8441313], [-73.9194354, 40.8441088], [-73.9196175, 40.8441882], [-73.9196069, 40.8442037], [-73.9197688, 40.8442901], [-73.9200023, 40.84439]]]}, "properties": {"osm_id": 316100715, "sport": "baseball", "leisure": "pitch"}}, {"type": "Feature", "geometry": {"type": "Polygon", "coordinates": [[[-73.9165833, 40.8214704], [-73.9163408, 40.8219355], [-73.9157056, 40.8217459], [-73.9159481, 40.8212808], [-73.9165833, 40.8214704]]]}, "properties": {"osm_id": 316222665, "sport": "baseball", "leisure": "pitch"}}, {"type": "Feature", "geometry": {"type": "Polygon", "coordinates": [[[-73.9151208, 40.9021085], [-73.9151483, 40.9020375], [-73.9148982, 40.9019821], [-73.9148707, 40.9020531], [-73.9151208, 40.9021085]]]}, "properties": {"osm_id": 320736267, "sport": "tennis", "leisure": "pitch"}}, {"type": "Feature", "geometry": {"type": "Polygon", "coordinates": [[[-73.9146518, 40.9034044], [-73.9147573, 40.9031343], [-73.9145837, 40.9030955], [-73.9144781, 40.9033656], [-73.9146518, 40.9034044]]]}, "properties": {"osm_id": 320736268, "sport": "tennis", "leisure": "pitch"}}, {"type": "Feature", "geometry": {"type": "Polygon", "coordinates": [[[-73.9146635, 40.9037473], [-73.9145597, 40.9040445], [-73.9143743, 40.9040076], [-73.914478, 40.9037103], [-73.9146635, 40.9037473]]]}, "properties": {"osm_id": 320736270, "sport": "tennis", "leisure": "pitch"}}, {"type": "Feature", "geometry": {"type": "Polygon", "coordinates": [[[-73.8705085, 40.8515846], [-73.8704307, 40.8515764], [-73.8701792, 40.8517159], [-73.869677, 40.8519944], [-73.8697816, 40.8521384], [-73.8699318, 40.8522744], [-73.8701035, 40.8523677], [-73.87031, 40.8524387], [-73.8705434, 40.8524245], [-73.8707472, 40.8523575], [-73.8709377, 40.8522744], [-73.8710798, 40.8521506], [-73.8706878, 40.8517622], [-73.8705085, 40.8515846]]]}, "properties": {"osm_id": 323906890, "sport": "baseball", "leisure": "pitch", "name": "Sid Jacobs Ball Field (II)"}}, {"type": "Feature", "geometry": {"type": "Polygon", "coordinates": [[[-73.8710639, 40.8528129], [-73.8709945, 40.8529346], [-73.8708789, 40.8530307], [-73.8707285, 40.8530935], [-73.8705593, 40.8531162], [-73.8703895, 40.8530966], [-73.8702371, 40.8530367], [-73.8701184, 40.8529428], [-73.8700459, 40.852825], [-73.8700275, 40.8526958], [-73.8700651, 40.852569], [-73.8701546, 40.8524581], [-73.8702866, 40.852375], [-73.8704504, 40.8523279], [-73.8706255, 40.8523241], [-73.8707925, 40.852364], [-73.870933, 40.8524432], [-73.8710314, 40.8525528], [-73.8710767, 40.8526808], [-73.8710639, 40.8528129]]]}, "properties": {"osm_id": 323906893, "sport": "baseball", "leisure": "pitch", "name": "Sid Jacobs Ball Field (I)"}}, {"type": "Feature", "geometry": {"type": "Polygon", "coordinates": [[[-73.8694787, 40.8519939], [-73.8694651, 40.8517225], [-73.8692253, 40.8517294], [-73.8692389, 40.8520008], [-73.8694787, 40.8519939]]]}, "properties": {"osm_id": 323906897, "sport": "american_handball", "leisure": "pitch", "surface": "concrete"}}, {"type": "Feature", "geometry": {"type": "Polygon", "coordinates": [[[-73.8856942, 40.8636205], [-73.8855808, 40.8636752], [-73.8854285, 40.8634947], [-73.8855419, 40.86344], [-73.8856942, 40.8636205]]]}, "properties": {"osm_id": 328841259, "sport": "tennis", "leisure": "pitch"}}, {"type": "Feature", "geometry": {"type": "Polygon", "coordinates": [[[-73.8855521, 40.8636882], [-73.8853991, 40.8635091], [-73.8852876, 40.8635635], [-73.8854409, 40.8637411], [-73.8855521, 40.8636882]]]}, "properties": {"osm_id": 328841260, "sport": "tennis", "leisure": "pitch"}}, {"type": "Feature", "geometry": {"type": "Polygon", "coordinates": [[[-73.8854099, 40.8637559], [-73.88526, 40.863577], [-73.8851503, 40.8636305], [-73.8853006, 40.863808], [-73.8854099, 40.8637559]]]}, "properties": {"osm_id": 328841261, "sport": "tennis", "leisure": "pitch"}}, {"type": "Feature", "geometry": {"type": "Polygon", "coordinates": [[[-73.885267, 40.8639886], [-73.8850283, 40.8641021], [-73.8849542, 40.8640145], [-73.885195, 40.8639025], [-73.885267, 40.8639886]]]}, "properties": {"osm_id": 328841262, "sport": "tennis", "leisure": "pitch"}}, {"type": "Feature", "geometry": {"type": "Polygon", "coordinates": [[[-73.8851765, 40.8638804], [-73.8849375, 40.8639947], [-73.8848657, 40.8639099], [-73.8851052, 40.8637952], [-73.8851765, 40.8638804]]]}, "properties": {"osm_id": 328841263, "sport": "tennis", "leisure": "pitch"}}, {"type": "Feature", "geometry": {"type": "Polygon", "coordinates": [[[-73.8850874, 40.8637739], [-73.8848461, 40.8638867], [-73.8847762, 40.863804], [-73.8850149, 40.8636873], [-73.8850874, 40.8637739]]]}, "properties": {"osm_id": 328841264, "sport": "tennis", "leisure": "pitch"}}, {"type": "Feature", "geometry": {"type": "Polygon", "coordinates": [[[-73.8827159, 40.8337298], [-73.8826111, 40.8337002], [-73.8825119, 40.8336505], [-73.8824301, 40.8335836], [-73.8823469, 40.8335044], [-73.8823107, 40.8334161], [-73.8822745, 40.8333218], [-73.8822705, 40.8332274], [-73.882277, 40.8331277], [-73.8824719, 40.8328969], [-73.8830866, 40.833194], [-73.8831074, 40.8331711], [-73.8831663, 40.833197], [-73.8831824, 40.8332548], [-73.8831493, 40.8332949], [-73.8831022, 40.833275], [-73.8828103, 40.8336191], [-73.8827159, 40.8337298]]]}, "properties": {"osm_id": 329983041, "sport": "baseball", "leisure": "pitch"}}, {"type": "Feature", "geometry": {"type": "Polygon", "coordinates": [[[-73.8824769, 40.8340776], [-73.8824372, 40.8340576], [-73.8828103, 40.8336191], [-73.8827908, 40.8335815], [-73.8827559, 40.833545], [-73.8826889, 40.8335115], [-73.8826151, 40.8334831], [-73.8825414, 40.8334638], [-73.8824609, 40.8334486], [-73.8822973, 40.8334395], [-73.8821967, 40.8334496], [-73.8820894, 40.833479], [-73.8819955, 40.8335095], [-73.8819087, 40.8335584], [-73.8817255, 40.8337711], [-73.8823371, 40.8340726], [-73.8823139, 40.8340986], [-73.8823778, 40.8341295], [-73.8824381, 40.8341163], [-73.8824769, 40.8340776]]]}, "properties": {"osm_id": 329983042, "sport": "baseball", "leisure": "pitch"}}, {"type": "Feature", "geometry": {"type": "Polygon", "coordinates": [[[-73.8817255, 40.8337711], [-73.8819087, 40.8335584], [-73.882277, 40.8331277], [-73.8824719, 40.8328969], [-73.8830866, 40.833194], [-73.883146, 40.8332223], [-73.8831022, 40.833275], [-73.8828103, 40.8336191], [-73.8827159, 40.8337298], [-73.8824372, 40.8340576], [-73.8823991, 40.8341026], [-73.8823371, 40.8340726], [-73.8817255, 40.8337711]]]}, "properties": {"osm_id": 329983043, "sport": "soccer", "leisure": "pitch"}}, {"type": "Feature", "geometry": {"type": "Polygon", "coordinates": [[[-73.8843524, 40.8644666], [-73.8842808, 40.8644966], [-73.8836332, 40.8637171], [-73.8835846, 40.8636576], [-73.8836481, 40.8636272], [-73.8843524, 40.8644666]]]}, "properties": {"osm_id": 330962353, "leisure": "track"}}, {"type": "Feature", "geometry": {"type": "Polygon", "coordinates": [[[-73.8774313, 40.8186488], [-73.8773159, 40.8179759], [-73.8775024, 40.8179566], [-73.8776888, 40.81798], [-73.8778859, 40.8180196], [-73.8780777, 40.8180835], [-73.8782105, 40.8181738], [-73.8783191, 40.8182774], [-73.8784036, 40.8183809], [-73.8784358, 40.8185017], [-73.8774313, 40.8186488]]]}, "properties": {"osm_id": 331828776, "sport": "baseball", "leisure": "pitch", "name": "1", "surface": "grass"}}, {"type": "Feature", "geometry": {"type": "Polygon", "coordinates": [[[-73.8780093, 40.8172381], [-73.8780884, 40.8179668], [-73.8779168, 40.8179384], [-73.8777424, 40.8178957], [-73.8775734, 40.817845], [-73.8774165, 40.81778], [-73.8773079, 40.8176938], [-73.8772167, 40.8175913], [-73.8771295, 40.8174745], [-73.8770673, 40.8173509], [-73.8780093, 40.8172381]]]}, "properties": {"osm_id": 331828778, "sport": "softball", "leisure": "pitch", "name": "3", "surface": "grass"}}, {"type": "Feature", "geometry": {"type": "Polygon", "coordinates": [[[-73.8790245, 40.8175923], [-73.8790769, 40.8182073], [-73.8789132, 40.8182073], [-73.8787469, 40.8181931], [-73.8785726, 40.8181627], [-73.878417, 40.818116], [-73.8783124, 40.8180348], [-73.8782239, 40.8179353], [-73.8781501, 40.8178206], [-73.8780925, 40.8177009], [-73.8790245, 40.8175923]]]}, "properties": {"osm_id": 331828779, "sport": "softball", "leisure": "pitch", "name": "2", "surface": "grass"}}, {"type": "Feature", "geometry": {"type": "Polygon", "coordinates": [[[-73.9228318, 40.8211802], [-73.9226305, 40.821315], [-73.9217691, 40.8219195], [-73.9222074, 40.822287], [-73.9222444, 40.8223108], [-73.92226, 40.8223043], [-73.9225391, 40.8220958], [-73.9230887, 40.8217191], [-73.9232638, 40.8215991], [-73.9232744, 40.821546], [-73.922955, 40.8212784], [-73.9228318, 40.8211802]]]}, "properties": {"osm_id": 365518739, "sport": "american_football;soccer", "leisure": "pitch", "name": "Mott Haven Field", "surface": "artificial_turf"}}, {"type": "Feature", "geometry": {"type": "Polygon", "coordinates": [[[-73.9196674, 40.8550112], [-73.9198552, 40.8548187], [-73.9197053, 40.8547351], [-73.9195175, 40.8549275], [-73.9196674, 40.8550112]]]}, "properties": {"osm_id": 376131203, "sport": "basketball", "leisure": "pitch"}}, {"type": "Feature", "geometry": {"type": "Polygon", "coordinates": [[[-73.9194936, 40.8552893], [-73.9196754, 40.8550945], [-73.9195273, 40.8550154], [-73.9193455, 40.8552103], [-73.9194936, 40.8552893]]]}, "properties": {"osm_id": 376131204, "sport": "basketball", "leisure": "pitch"}}, {"type": "Feature", "geometry": {"type": "Polygon", "coordinates": [[[-73.9187857, 40.8559204], [-73.9196548, 40.8562501], [-73.9195046, 40.8565523], [-73.9191425, 40.8567491], [-73.9186838, 40.8567329], [-73.9183351, 40.85653], [-73.9187857, 40.8559204]]]}, "properties": {"osm_id": 376131206, "sport": "baseball", "leisure": "pitch"}}, {"type": "Feature", "geometry": {"type": "Polygon", "coordinates": [[[-73.9182084, 40.8568942], [-73.91802, 40.8574144], [-73.9182158, 40.857451], [-73.9185406, 40.8574216], [-73.9186927, 40.8570021], [-73.9182084, 40.8568942]]]}, "properties": {"osm_id": 376131207, "sport": "baseball", "leisure": "pitch"}}, {"type": "Feature", "geometry": {"type": "Polygon", "coordinates": [[[-73.9051841, 40.8181704], [-73.9053659, 40.8182116], [-73.9052778, 40.8184342], [-73.905096, 40.818393], [-73.9051841, 40.8181704]]]}, "properties": {"osm_id": 384891855, "sport": "basketball", "leisure": "pitch"}}, {"type": "Feature", "geometry": {"type": "Polygon", "coordinates": [[[-73.8495235, 40.8194876], [-73.8493401, 40.8195115], [-73.8492924, 40.8193024], [-73.8494758, 40.8192784], [-73.8495235, 40.8194876]]]}, "properties": {"osm_id": 390086291, "sport": "basketball", "leisure": "pitch"}}, {"type": "Feature", "geometry": {"type": "Polygon", "coordinates": [[[-73.8560851, 40.819988], [-73.8560077, 40.819668], [-73.8552214, 40.8197769], [-73.8546728, 40.8198529], [-73.8547501, 40.8201729], [-73.8560851, 40.819988]]]}, "properties": {"osm_id": 390086293, "sport": "tennis", "leisure": "pitch"}}, {"type": "Feature", "geometry": {"type": "Polygon", "coordinates": [[[-73.8961248, 40.8905228], [-73.8958579, 40.8904498], [-73.8959652, 40.8902339], [-73.8962254, 40.8903079], [-73.8961248, 40.8905228]]]}, "properties": {"osm_id": 419968837, "sport": "beachvolleyball", "leisure": "pitch"}}, {"type": "Feature", "geometry": {"type": "Polygon", "coordinates": [[[-73.893428, 40.8910987], [-73.8934331, 40.8907642], [-73.893038, 40.8907608], [-73.8930388, 40.8907085], [-73.8926391, 40.8907051], [-73.8926383, 40.8907602], [-73.8922407, 40.8907567], [-73.8922374, 40.8909763], [-73.8922356, 40.8910935], [-73.8926411, 40.891097], [-73.8926417, 40.8910627], [-73.8926423, 40.891038], [-73.8930351, 40.8910438], [-73.8930345, 40.8910667], [-73.893034, 40.8910953], [-73.893428, 40.8910987]]]}, "properties": {"osm_id": 419968844, "sport": "tennis", "leisure": "pitch"}}, {"type": "Feature", "geometry": {"type": "Polygon", "coordinates": [[[-73.8954652, 40.8961515], [-73.8953614, 40.8952515], [-73.8960776, 40.8952043], [-73.8961814, 40.8961043], [-73.8954652, 40.8961515]]]}, "properties": {"osm_id": 421315816, "sport": "soccer", "leisure": "pitch"}}, {"type": "Feature", "geometry": {"type": "Polygon", "coordinates": [[[-73.8952998, 40.8977597], [-73.8951888, 40.8971065], [-73.8940836, 40.897211], [-73.8942265, 40.897459], [-73.8944978, 40.8976514], [-73.8949081, 40.8977609], [-73.8952998, 40.8977597]]]}, "properties": {"osm_id": 421317305, "sport": "baseball", "leisure": "pitch"}}, {"type": "Feature", "geometry": {"type": "Polygon", "coordinates": [[[-73.8946299, 40.8961986], [-73.8945223, 40.8952989], [-73.8952157, 40.8952515], [-73.8953233, 40.8961513], [-73.8946299, 40.8961986]]]}, "properties": {"osm_id": 421317306, "sport": "soccer", "leisure": "pitch"}}, {"type": "Feature", "geometry": {"type": "Polygon", "coordinates": [[[-73.8953215, 40.895155], [-73.8952178, 40.8942569], [-73.8959316, 40.8942098], [-73.8960353, 40.8951079], [-73.8953215, 40.895155]]]}, "properties": {"osm_id": 421317307, "sport": "soccer", "leisure": "pitch"}}, {"type": "Feature", "geometry": {"type": "Polygon", "coordinates": [[[-73.8937829, 40.8962619], [-73.8936784, 40.8953565], [-73.8944018, 40.8953088], [-73.8945062, 40.8962142], [-73.8937829, 40.8962619]]]}, "properties": {"osm_id": 421317308, "sport": "soccer", "leisure": "pitch"}}, {"type": "Feature", "geometry": {"type": "Polygon", "coordinates": [[[-73.8962322, 40.8969921], [-73.8951888, 40.8971065], [-73.8952998, 40.8977597], [-73.8956827, 40.8977005], [-73.896067, 40.8974841], [-73.8962645, 40.8971932], [-73.8962322, 40.8969921]]]}, "properties": {"osm_id": 421317309, "sport": "baseball", "leisure": "pitch"}}, {"type": "Feature", "geometry": {"type": "Polygon", "coordinates": [[[-73.8936574, 40.8952695], [-73.8935536, 40.8943696], [-73.8942697, 40.8943224], [-73.8943735, 40.8952223], [-73.8936574, 40.8952695]]]}, "properties": {"osm_id": 421317310, "sport": "soccer", "leisure": "pitch"}}, {"type": "Feature", "geometry": {"type": "Polygon", "coordinates": [[[-73.8944818, 40.8952099], [-73.8943781, 40.8943114], [-73.8950923, 40.8942644], [-73.895196, 40.8951628], [-73.8944818, 40.8952099]]]}, "properties": {"osm_id": 421317311, "sport": "soccer", "leisure": "pitch"}}, {"type": "Feature", "geometry": {"type": "Polygon", "coordinates": [[[-73.8957424, 40.8963182], [-73.8950706, 40.8963692], [-73.8951888, 40.8971065], [-73.8962322, 40.8969921], [-73.8961687, 40.8965607], [-73.8960106, 40.8964028], [-73.8957424, 40.8963182]]]}, "properties": {"osm_id": 421317312, "sport": "baseball", "leisure": "pitch"}}, {"type": "Feature", "geometry": {"type": "Polygon", "coordinates": [[[-73.8951888, 40.8971065], [-73.8940836, 40.897211], [-73.8940145, 40.8968575], [-73.8940358, 40.8966276], [-73.8943308, 40.8964197], [-73.8950706, 40.8963692], [-73.8951888, 40.8971065]]]}, "properties": {"osm_id": 421317313, "sport": "baseball", "leisure": "pitch"}}, {"type": "Feature", "geometry": {"type": "Polygon", "coordinates": [[[-73.8958651, 40.8940894], [-73.891874, 40.8940066], [-73.8919588, 40.8916719], [-73.8959499, 40.8917547], [-73.8958651, 40.8940894]]]}, "properties": {"osm_id": 421317833, "sport": "cricket", "leisure": "pitch"}}, {"type": "Feature", "geometry": {"type": "Polygon", "coordinates": [[[-73.8988605, 40.8942814], [-73.8983562, 40.8940847], [-73.8984582, 40.8939347], [-73.8977822, 40.8936691], [-73.8982597, 40.893002], [-73.8983509, 40.8930182], [-73.8984421, 40.8929716], [-73.8985306, 40.8929797], [-73.8991716, 40.8932311], [-73.8992092, 40.8933487], [-73.8990778, 40.8935393], [-73.8993916, 40.8936812], [-73.8991448, 40.8939975], [-73.8988605, 40.8942814]]]}, "properties": {"osm_id": 423210339, "leisure": "pitch", "name": "Alumni Field"}}, {"type": "Feature", "geometry": {"type": "Polygon", "coordinates": [[[-73.8996625, 40.8944132], [-73.8995445, 40.8943665], [-73.8995311, 40.894328], [-73.8996517, 40.8941881], [-73.8997242, 40.8940948], [-73.8997751, 40.894036], [-73.8998395, 40.8940056], [-73.8999709, 40.8940583], [-73.8997349, 40.8943625], [-73.8996625, 40.8944132]]]}, "properties": {"osm_id": 423210392, "leisure": "pitch"}}, {"type": "Feature", "geometry": {"type": "Polygon", "coordinates": [[[-73.9007472, 40.894187], [-73.9000766, 40.8941588], [-73.9001385, 40.8933194], [-73.9008091, 40.8933476], [-73.9007472, 40.894187]]]}, "properties": {"osm_id": 423210473, "leisure": "pitch", "name": "Four Acres Athletic Field"}}, {"type": "Feature", "geometry": {"type": "Polygon", "coordinates": [[[-73.899633, 40.8922173], [-73.8993755, 40.8922295], [-73.8991368, 40.8922112], [-73.8992494, 40.8919253], [-73.8993835, 40.8918321], [-73.8996598, 40.8920835], [-73.8996383, 40.892118], [-73.8996249, 40.8921747], [-73.899633, 40.8922173]]]}, "properties": {"osm_id": 423210536, "leisure": "pitch", "name": "Grasshopper Field"}}, {"type": "Feature", "geometry": {"type": "Polygon", "coordinates": [[[-73.9007634, 40.8991399], [-73.9002051, 40.8991871], [-73.900073, 40.8982943], [-73.9006313, 40.8982471], [-73.9007634, 40.8991399]]]}, "properties": {"osm_id": 423210712, "sport": "soccer", "leisure": "pitch", "name": "Frankel Field"}}, {"type": "Feature", "geometry": {"type": "Polygon", "coordinates": [[[-73.9007459, 40.8980441], [-73.9002, 40.8979232], [-73.9005282, 40.8970768], [-73.9010741, 40.8971977], [-73.9007459, 40.8980441]]]}, "properties": {"osm_id": 423210735, "sport": "soccer", "leisure": "pitch", "name": "Alumni Field"}}, {"type": "Feature", "geometry": {"type": "Polygon", "coordinates": [[[-73.9057902, 40.8890004], [-73.9048939, 40.8887787], [-73.9050878, 40.8883025], [-73.9051116, 40.888238], [-73.9059833, 40.887875], [-73.906104, 40.8879136], [-73.9061442, 40.8880778], [-73.9057902, 40.8890004]]]}, "properties": {"osm_id": 423244355, "leisure": "pitch"}}, {"type": "Feature", "geometry": {"type": "Polygon", "coordinates": [[[-73.9047048, 40.9031199], [-73.9048145, 40.9028518], [-73.9047826, 40.9027894], [-73.9047183, 40.9026556], [-73.904611, 40.9025218], [-73.9044068, 40.90242], [-73.9040638, 40.9028502], [-73.9040799, 40.9028887], [-73.9043939, 40.9030252], [-73.9044071, 40.9030297], [-73.904539, 40.9030776], [-73.9047048, 40.9031199]]]}, "properties": {"osm_id": 423245496, "sport": "baseball", "leisure": "pitch"}}, {"type": "Feature", "geometry": {"type": "Polygon", "coordinates": [[[-73.9040083, 40.9036105], [-73.9039418, 40.9037744], [-73.9040618, 40.9038022], [-73.9041283, 40.9036383], [-73.9040083, 40.9036105]]]}, "properties": {"osm_id": 423245557, "sport": "basketball", "leisure": "pitch"}}, {"type": "Feature", "geometry": {"type": "Polygon", "coordinates": [[[-73.9145457, 40.8768107], [-73.9137009, 40.8762225], [-73.913886, 40.8761211], [-73.9141702, 40.8759751], [-73.9146517, 40.8758854], [-73.9157661, 40.8762286], [-73.9151586, 40.8763681], [-73.9151774, 40.876435], [-73.9149936, 40.8765044], [-73.914885, 40.8765729], [-73.9147549, 40.8766809], [-73.9147227, 40.8766667], [-73.9145457, 40.8768107]]]}, "properties": {"osm_id": 423249994, "sport": "baseball", "leisure": "pitch"}}, {"type": "Feature", "geometry": {"type": "Polygon", "coordinates": [[[-73.8914214, 40.8852976], [-73.8913214, 40.8855522], [-73.8906734, 40.8854022], [-73.8907776, 40.885153], [-73.8914214, 40.8852976]]]}, "properties": {"osm_id": 425995538, "sport": "basketball", "leisure": "pitch"}}, {"type": "Feature", "geometry": {"type": "Polygon", "coordinates": [[[-73.8832679, 40.7937981], [-73.8831622, 40.7937926], [-73.883177, 40.79363], [-73.8832827, 40.7936355], [-73.8832679, 40.7937981]]]}, "properties": {"osm_id": 437712938, "sport": "volleyball", "leisure": "pitch"}}, {"type": "Feature", "geometry": {"type": "Polygon", "coordinates": [[[-73.8831076, 40.7939544], [-73.8829104, 40.7939434], [-73.8829214, 40.7938308], [-73.8831185, 40.7938418], [-73.8831076, 40.7939544]]]}, "properties": {"osm_id": 437712939, "sport": "basketball", "leisure": "pitch"}}, {"type": "Feature", "geometry": {"type": "Polygon", "coordinates": [[[-73.8831201, 40.7938161], [-73.882923, 40.7938051], [-73.8829339, 40.7936925], [-73.883131, 40.7937035], [-73.8831201, 40.7938161]]]}, "properties": {"osm_id": 437712940, "sport": "basketball", "leisure": "pitch"}}, {"type": "Feature", "geometry": {"type": "Polygon", "coordinates": [[[-73.8831303, 40.7936951], [-73.8829331, 40.7936842], [-73.882944, 40.7935715], [-73.8831412, 40.7935825], [-73.8831303, 40.7936951]]]}, "properties": {"osm_id": 437712941, "sport": "basketball", "leisure": "pitch"}}, {"type": "Feature", "geometry": {"type": "Polygon", "coordinates": [[[-73.883145, 40.7935769], [-73.8829479, 40.793566], [-73.8829588, 40.7934534], [-73.883156, 40.7934643], [-73.883145, 40.7935769]]]}, "properties": {"osm_id": 437712942, "sport": "basketball", "leisure": "pitch"}}, {"type": "Feature", "geometry": {"type": "Polygon", "coordinates": [[[-73.8739853, 40.7896297], [-73.8740086, 40.78951], [-73.8738956, 40.7894975], [-73.8738723, 40.7896171], [-73.8739853, 40.7896297]]]}, "properties": {"osm_id": 437717213, "sport": "basketball", "leisure": "pitch"}}, {"type": "Feature", "geometry": {"type": "Polygon", "coordinates": [[[-73.8748077, 40.789247], [-73.8747027, 40.7892372], [-73.8747284, 40.7890791], [-73.8748335, 40.7890889], [-73.8748077, 40.789247]]]}, "properties": {"osm_id": 437717402, "sport": "volleyball", "leisure": "pitch"}}, {"type": "Feature", "geometry": {"type": "Polygon", "coordinates": [[[-73.8745885, 40.7892993], [-73.8742749, 40.7892678], [-73.8743008, 40.7891198], [-73.8746144, 40.7891513], [-73.8745885, 40.7892993]]]}, "properties": {"osm_id": 437717403, "sport": "basketball", "leisure": "pitch"}}, {"type": "Feature", "geometry": {"type": "Polygon", "coordinates": [[[-73.8746193, 40.7891377], [-73.8743058, 40.7891062], [-73.8743317, 40.7889582], [-73.8746453, 40.7889896], [-73.8746193, 40.7891377]]]}, "properties": {"osm_id": 437717404, "sport": "basketball", "leisure": "pitch"}}, {"type": "Feature", "geometry": {"type": "Polygon", "coordinates": [[[-73.8775221, 40.7915025], [-73.8773382, 40.7916973], [-73.8771778, 40.7916105], [-73.8773616, 40.7914156], [-73.8775221, 40.7915025]]]}, "properties": {"osm_id": 437995670, "sport": "basketball", "leisure": "pitch"}}, {"type": "Feature", "geometry": {"type": "Polygon", "coordinates": [[[-73.8773432, 40.7914071], [-73.8771593, 40.7916019], [-73.8769989, 40.7915151], [-73.8771827, 40.7913202], [-73.8773432, 40.7914071]]]}, "properties": {"osm_id": 437995671, "sport": "basketball", "leisure": "pitch"}}, {"type": "Feature", "geometry": {"type": "Polygon", "coordinates": [[[-73.8771993, 40.7917213], [-73.8771382, 40.7917867], [-73.8769664, 40.7916947], [-73.8770276, 40.7916293], [-73.8771993, 40.7917213]]]}, "properties": {"osm_id": 437995672, "sport": "volleyball", "leisure": "pitch"}}, {"type": "Feature", "geometry": {"type": "Polygon", "coordinates": [[[-73.8894474, 40.7936363], [-73.8891426, 40.7936354], [-73.8891433, 40.7935043], [-73.8894482, 40.7935052], [-73.8894474, 40.7936363]]]}, "properties": {"osm_id": 438249572, "sport": "basketball", "leisure": "pitch"}}, {"type": "Feature", "geometry": {"type": "Polygon", "coordinates": [[[-73.8894476, 40.7934925], [-73.8891427, 40.7934915], [-73.8891434, 40.7933605], [-73.8894483, 40.7933614], [-73.8894476, 40.7934925]]]}, "properties": {"osm_id": 438249573, "sport": "basketball", "leisure": "pitch"}}, {"type": "Feature", "geometry": {"type": "Polygon", "coordinates": [[[-73.8894496, 40.7933517], [-73.8891447, 40.7933508], [-73.8891455, 40.7932197], [-73.8894503, 40.7932206], [-73.8894496, 40.7933517]]]}, "properties": {"osm_id": 438249574, "sport": "basketball", "leisure": "pitch"}}, {"type": "Feature", "geometry": {"type": "Polygon", "coordinates": [[[-73.8897953, 40.7925697], [-73.8894778, 40.7925685], [-73.8894783, 40.7924898], [-73.8897959, 40.792491], [-73.8897953, 40.7925697]]]}, "properties": {"osm_id": 438249634, "leisure": "pitch"}}, {"type": "Feature", "geometry": {"type": "Polygon", "coordinates": [[[-73.8849663, 40.7936438], [-73.8847907, 40.7936432], [-73.8847913, 40.7935502], [-73.8849669, 40.7935508], [-73.8849663, 40.7936438]]]}, "properties": {"osm_id": 438250286, "leisure": "pitch"}}, {"type": "Feature", "geometry": {"type": "Polygon", "coordinates": [[[-73.8849656, 40.7937522], [-73.8848132, 40.7937517], [-73.8848135, 40.7937379], [-73.8847901, 40.7937376], [-73.8847906, 40.7936586], [-73.8849662, 40.7936592], [-73.8849656, 40.7937522]]]}, "properties": {"osm_id": 438250289, "leisure": "pitch"}}, {"type": "Feature", "geometry": {"type": "Polygon", "coordinates": [[[-73.8795043, 40.7875229], [-73.8792516, 40.7876611], [-73.8791518, 40.7875565], [-73.8794045, 40.7874183], [-73.8795043, 40.7875229]]]}, "properties": {"osm_id": 438367108, "sport": "basketball", "leisure": "pitch"}}, {"type": "Feature", "geometry": {"type": "Polygon", "coordinates": [[[-73.8793913, 40.7874061], [-73.8791386, 40.7875443], [-73.8790388, 40.7874396], [-73.8792915, 40.7873015], [-73.8793913, 40.7874061]]]}, "properties": {"osm_id": 438367109, "sport": "basketball", "leisure": "pitch"}}, {"type": "Feature", "geometry": {"type": "Polygon", "coordinates": [[[-73.8791568, 40.7873616], [-73.8790332, 40.7874329], [-73.8789362, 40.7873366], [-73.8790597, 40.7872653], [-73.8791568, 40.7873616]]]}, "properties": {"osm_id": 438367110, "sport": "basketball", "leisure": "pitch"}}, {"type": "Feature", "geometry": {"type": "Polygon", "coordinates": [[[-73.8794922, 40.7870387], [-73.8793915, 40.7870944], [-73.8793496, 40.7870509], [-73.8794498, 40.7869955], [-73.8794922, 40.7870387]]]}, "properties": {"osm_id": 438367112, "sport": "tennis", "leisure": "pitch"}}, {"type": "Feature", "geometry": {"type": "Polygon", "coordinates": [[[-73.8794358, 40.7869812], [-73.8793343, 40.7870373], [-73.8792924, 40.7869938], [-73.8793934, 40.7869379], [-73.8794358, 40.7869812]]]}, "properties": {"osm_id": 438367113, "sport": "tennis", "leisure": "pitch"}}, {"type": "Feature", "geometry": {"type": "Polygon", "coordinates": [[[-73.8793786, 40.7869229], [-73.8792785, 40.7869788], [-73.8792364, 40.7869355], [-73.8793363, 40.7868797], [-73.8793786, 40.7869229]]]}, "properties": {"osm_id": 438367114, "sport": "tennis", "leisure": "pitch"}}, {"type": "Feature", "geometry": {"type": "Polygon", "coordinates": [[[-73.8793236, 40.7868668], [-73.879224, 40.7869227], [-73.8791816, 40.7868794], [-73.8792812, 40.7868235], [-73.8793236, 40.7868668]]]}, "properties": {"osm_id": 438367115, "sport": "tennis", "leisure": "pitch"}}, {"type": "Feature", "geometry": {"type": "Polygon", "coordinates": [[[-73.8958868, 40.9017617], [-73.8951331, 40.9017232], [-73.8951625, 40.9015367], [-73.8951813, 40.9014171], [-73.8959324, 40.9014576], [-73.8958868, 40.9017617]]]}, "properties": {"osm_id": 441615568, "sport": "equestrian", "leisure": "pitch"}}, {"type": "Feature", "geometry": {"type": "Polygon", "coordinates": [[[-73.8954548, 40.9009695], [-73.8954589, 40.9011859], [-73.8947146, 40.9011941], [-73.8947146, 40.9011091], [-73.8947146, 40.9009802], [-73.8954548, 40.9009695]]]}, "properties": {"osm_id": 441616468, "sport": "equestrian", "leisure": "pitch"}}, {"type": "Feature", "geometry": {"type": "Polygon", "coordinates": [[[-73.8949788, 40.9015519], [-73.8949251, 40.9015453], [-73.8946382, 40.9015103], [-73.894535, 40.9019046], [-73.894885, 40.9019513], [-73.8949788, 40.9015519]]]}, "properties": {"osm_id": 441616829, "sport": "equestrian", "leisure": "pitch"}}, {"type": "Feature", "geometry": {"type": "Polygon", "coordinates": [[[-73.8951868, 40.9013852], [-73.895231, 40.9013699], [-73.895282, 40.9013602], [-73.8953296, 40.9013564], [-73.8954095, 40.9013573], [-73.8957235, 40.9013876], [-73.8960036, 40.9014219], [-73.8960611, 40.9014364], [-73.8961119, 40.9014585], [-73.896151, 40.9014852], [-73.8961795, 40.9015133], [-73.8961941, 40.9015436], [-73.8962018, 40.9015902], [-73.8962018, 40.9016538], [-73.8961814, 40.9018497], [-73.8961738, 40.9019221], [-73.8961568, 40.9019822], [-73.8961282, 40.9020382], [-73.8960936, 40.9020837], [-73.8960362, 40.9021292], [-73.8959759, 40.9021567], [-73.8959198, 40.9021661], [-73.8958451, 40.9021661], [-73.8957489, 40.9021541], [-73.8952491, 40.9020722], [-73.8951924, 40.9020552], [-73.895138, 40.9020207], [-73.8950969, 40.9019819], [-73.8950686, 40.901944], [-73.8950479, 40.9019028], [-73.8950244, 40.9018409], [-73.8950232, 40.9018025], [-73.8950246, 40.9017889], [-73.8950258, 40.9017775], [-73.8950403, 40.9017195], [-73.8950807, 40.9015804], [-73.8950888, 40.9015373], [-73.8950956, 40.9014929], [-73.8951056, 40.9014497], [-73.8951282, 40.9014209], [-73.8951606, 40.9013993], [-73.8951868, 40.9013852]]]}, "properties": {"osm_id": 441618230, "sport": "equestrian", "leisure": "pitch"}}, {"type": "Feature", "geometry": {"type": "Polygon", "coordinates": [[[-73.8961948, 40.9024718], [-73.8950136, 40.9022889], [-73.8950588, 40.9020771], [-73.8961976, 40.9022594], [-73.8961948, 40.9024718]]]}, "properties": {"osm_id": 441622464, "sport": "equestrian", "leisure": "pitch"}}, {"type": "Feature", "geometry": {"type": "Polygon", "coordinates": [[[-73.8972101, 40.8877659], [-73.8965323, 40.8875481], [-73.8965036, 40.887474], [-73.8964945, 40.8873972], [-73.8965054, 40.8873204], [-73.896536, 40.8872468], [-73.8965849, 40.887179], [-73.8966504, 40.8871198], [-73.8967299, 40.8870714], [-73.8968204, 40.8870357], [-73.8969184, 40.887014], [-73.8970201, 40.8870071], [-73.8971216, 40.8870154], [-73.897219, 40.8870385], [-73.8973086, 40.8870755], [-73.8973869, 40.887125], [-73.8974509, 40.8871851], [-73.8974982, 40.8872535], [-73.8972101, 40.8877659]]]}, "properties": {"osm_id": 441942824, "sport": "baseball", "leisure": "pitch"}}, {"type": "Feature", "geometry": {"type": "Polygon", "coordinates": [[[-73.896034, 40.8874563], [-73.8963922, 40.8876229], [-73.8963966, 40.8877106], [-73.8963562, 40.8877928], [-73.8962773, 40.8878572], [-73.8961718, 40.8878938], [-73.8960559, 40.8878971], [-73.8959471, 40.8878666], [-73.895862, 40.8878069], [-73.8958136, 40.8877271], [-73.896034, 40.8874563]]]}, "properties": {"osm_id": 441944120, "sport": "baseball", "leisure": "pitch"}}, {"type": "Feature", "geometry": {"type": "Polygon", "coordinates": [[[-73.8953546, 40.9026131], [-73.8951799, 40.9027619], [-73.8950706, 40.902937], [-73.8951119, 40.9030496], [-73.8951977, 40.9031325], [-73.8953634, 40.9031578], [-73.8955106, 40.9031349], [-73.8956917, 40.9030075], [-73.8957947, 40.9028161], [-73.8957823, 40.9027074], [-73.8957484, 40.9026706], [-73.8956903, 40.9026075], [-73.8955188, 40.9025766], [-73.8953546, 40.9026131]]]}, "properties": {"osm_id": 442203741, "sport": "cricket", "leisure": "pitch"}}, {"type": "Feature", "geometry": {"type": "Polygon", "coordinates": [[[-73.8954221, 40.8983491], [-73.895458, 40.8979221], [-73.8944423, 40.8978733], [-73.8944064, 40.8983003], [-73.8954221, 40.8983491]]]}, "properties": {"osm_id": 442203763, "leisure": "pitch"}}, {"type": "Feature", "geometry": {"type": "Polygon", "coordinates": [[[-73.8949052, 40.8990019], [-73.8945213, 40.8989739], [-73.8946008, 40.8983517], [-73.8949847, 40.8983797], [-73.8949052, 40.8990019]]]}, "properties": {"osm_id": 442203764, "leisure": "pitch"}}, {"type": "Feature", "geometry": {"type": "Polygon", "coordinates": [[[-73.8731783, 40.9012487], [-73.8716878, 40.9013402], [-73.8716203, 40.900712], [-73.8721344, 40.9006804], [-73.8731108, 40.9006205], [-73.8731783, 40.9012487]]]}, "properties": {"osm_id": 442214531, "sport": "soccer", "leisure": "pitch"}}, {"type": "Feature", "geometry": {"type": "Polygon", "coordinates": [[[-73.8708152, 40.900685], [-73.870193, 40.9010661], [-73.8706543, 40.9013824], [-73.8710942, 40.901131], [-73.8711156, 40.9009283], [-73.8709693, 40.9008098], [-73.8708152, 40.900685]]]}, "properties": {"osm_id": 442214616, "sport": "baseball", "leisure": "pitch", "name": "Healy Field", "surface": "grass"}}, {"type": "Feature", "geometry": {"type": "Polygon", "coordinates": [[[-73.8982331, 40.8885566], [-73.8980947, 40.8885173], [-73.8983062, 40.8880922], [-73.8984446, 40.8881315], [-73.8982331, 40.8885566]]]}, "properties": {"osm_id": 442605614, "sport": "american_handball", "leisure": "pitch"}}, {"type": "Feature", "geometry": {"type": "Polygon", "coordinates": [[[-73.8985091, 40.8880832], [-73.8986165, 40.8878581], [-73.8984807, 40.8878213], [-73.8985726, 40.8876442], [-73.8986775, 40.8874418], [-73.8990025, 40.8875461], [-73.8987107, 40.8881474], [-73.8985091, 40.8880832]]]}, "properties": {"osm_id": 442605615, "sport": "basketball", "leisure": "pitch"}}, {"type": "Feature", "geometry": {"type": "Polygon", "coordinates": [[[-73.896291, 40.9069059], [-73.8951536, 40.9069922], [-73.8951669, 40.9070923], [-73.8952543, 40.90775], [-73.8953317, 40.9077441], [-73.8963916, 40.9076637], [-73.8963705, 40.9075048], [-73.896291, 40.9069059]]]}, "properties": {"osm_id": 442609621, "sport": "baseball", "leisure": "pitch"}}, {"type": "Feature", "geometry": {"type": "Polygon", "coordinates": [[[-73.8962954, 40.910898], [-73.8962374, 40.9109323], [-73.8952229, 40.9107069], [-73.8953258, 40.9105125], [-73.8954804, 40.9102204], [-73.8962958, 40.9102853], [-73.8963947, 40.9103649], [-73.8962954, 40.910898]]]}, "properties": {"osm_id": 442610216, "sport": "baseball", "leisure": "pitch"}}, {"type": "Feature", "geometry": {"type": "Polygon", "coordinates": [[[-73.8983144, 40.8880285], [-73.8984236, 40.8878059], [-73.8984535, 40.887814], [-73.8984807, 40.8878213], [-73.8986165, 40.8878581], [-73.8985091, 40.8880832], [-73.8983144, 40.8880285]]]}, "properties": {"osm_id": 442616528, "sport": "tennis", "leisure": "pitch"}}, {"type": "Feature", "geometry": {"type": "Polygon", "coordinates": [[[-73.8741792, 40.8693898], [-73.874251, 40.8694207], [-73.8743306, 40.8694198], [-73.8744035, 40.8694081], [-73.8744465, 40.8693806], [-73.8744764, 40.8693422], [-73.8744885, 40.8692018], [-73.8744841, 40.8691784], [-73.8744598, 40.8691651], [-73.87442, 40.8691642], [-73.8742389, 40.8691776], [-73.8741958, 40.8691981], [-73.8741638, 40.8692511], [-73.8741538, 40.8693021], [-73.8741616, 40.8693505], [-73.8741792, 40.8693898]]]}, "properties": {"osm_id": 456848868, "leisure": "pitch"}}, {"type": "Feature", "geometry": {"type": "Polygon", "coordinates": [[[-73.910855, 40.9126996], [-73.9100772, 40.9125313], [-73.9102515, 40.9119456], [-73.9103666, 40.9117842], [-73.9104563, 40.9116202], [-73.9104751, 40.9115748], [-73.911243, 40.9117508], [-73.910855, 40.9126996]]]}, "properties": {"osm_id": 458771111, "sport": "american_football", "leisure": "pitch"}}, {"type": "Feature", "geometry": {"type": "Polygon", "coordinates": [[[-73.8815179, 40.8683726], [-73.8805785, 40.8689439], [-73.8802513, 40.8683273], [-73.8811954, 40.8678283], [-73.8815179, 40.8683726]]]}, "properties": {"osm_id": 474077325, "sport": "shooting", "leisure": "pitch"}}, {"type": "Feature", "geometry": {"type": "Polygon", "coordinates": [[[-73.8826514, 40.8774156], [-73.8828521, 40.877809], [-73.8824731, 40.8779188], [-73.8822721, 40.8775272], [-73.8826514, 40.8774156]]]}, "properties": {"osm_id": 474077527, "sport": "basketball", "leisure": "pitch"}}, {"type": "Feature", "geometry": {"type": "Polygon", "coordinates": [[[-73.8912717, 40.8428914], [-73.8915383, 40.8430523], [-73.891606, 40.8429952], [-73.8916615, 40.8429136], [-73.8916615, 40.842846], [-73.8916184, 40.8427609], [-73.8915213, 40.8427061], [-73.8914766, 40.8426852], [-73.8912717, 40.8428914]]]}, "properties": {"osm_id": 505102869, "sport": "baseball", "leisure": "pitch"}}, {"type": "Feature", "geometry": {"type": "Polygon", "coordinates": [[[-73.8399214, 40.8511751], [-73.8389904, 40.8512623], [-73.8389906, 40.8509438], [-73.839047, 40.8507957], [-73.8392911, 40.850465], [-73.8393337, 40.8504345], [-73.8395807, 40.8503594], [-73.8400955, 40.8503394], [-73.8403103, 40.850331], [-73.8399214, 40.8511751]]]}, "properties": {"osm_id": 526819217, "sport": "baseball", "leisure": "pitch"}}, {"type": "Feature", "geometry": {"type": "Polygon", "coordinates": [[[-73.8388726, 40.8516457], [-73.8388029, 40.8516944], [-73.837722, 40.8515829], [-73.8377488, 40.8512481], [-73.8377702, 40.8511811], [-73.8378266, 40.8510838], [-73.8379202, 40.8509803], [-73.8380197, 40.8509052], [-73.838127, 40.8508646], [-73.8382796, 40.8508139], [-73.8384113, 40.8508099], [-73.8389021, 40.8508383], [-73.8388858, 40.8513698], [-73.8388726, 40.8516457]]]}, "properties": {"osm_id": 526819716, "sport": "baseball", "leisure": "pitch"}}, {"type": "Feature", "geometry": {"type": "Polygon", "coordinates": [[[-73.8375664, 40.850889], [-73.8368073, 40.8509052], [-73.8368258, 40.8510269], [-73.8368824, 40.8511832], [-73.836968, 40.8512866], [-73.8370806, 40.8513759], [-73.8372311, 40.8514408], [-73.8373599, 40.8514794], [-73.8375235, 40.8514997], [-73.837561, 40.8515058], [-73.8376174, 40.8509255], [-73.8375664, 40.850889]]]}, "properties": {"osm_id": 526819717, "sport": "baseball", "leisure": "pitch"}}, {"type": "Feature", "geometry": {"type": "Polygon", "coordinates": [[[-73.8401145, 40.8500267], [-73.8396988, 40.8500227], [-73.8396371, 40.8500632], [-73.8395807, 40.8503594], [-73.8400955, 40.8503394], [-73.8401145, 40.8500267]]]}, "properties": {"osm_id": 526819718, "sport": "baseball", "leisure": "pitch"}}, {"type": "Feature", "geometry": {"type": "Polygon", "coordinates": [[[-73.8417587, 40.8488378], [-73.8417024, 40.8488601], [-73.8410881, 40.8487018], [-73.8409808, 40.8486653], [-73.8410211, 40.8485639], [-73.8410879, 40.8484766], [-73.8411603, 40.8484016], [-73.8411974, 40.8483802], [-73.8412837, 40.8483305], [-73.8413802, 40.8482879], [-73.8414985, 40.8482534], [-73.8416192, 40.8482413], [-73.8417021, 40.8482399], [-73.8417399, 40.8482392], [-73.8418684, 40.8482575], [-73.8419679, 40.8482839], [-73.8417587, 40.8488378]]]}, "properties": {"osm_id": 526819758, "sport": "baseball", "leisure": "pitch"}}, {"type": "Feature", "geometry": {"type": "Polygon", "coordinates": [[[-73.8415763, 40.8491807], [-73.8415414, 40.8491989], [-73.8409511, 40.8490691], [-73.8409808, 40.8487871], [-73.8410881, 40.8487018], [-73.8417024, 40.8488601], [-73.8415763, 40.8491807]]]}, "properties": {"osm_id": 526819759, "sport": "baseball", "leisure": "pitch"}}, {"type": "Feature", "geometry": {"type": "Polygon", "coordinates": [[[-73.8420376, 40.8480891], [-73.8416761, 40.8479528], [-73.8416541, 40.8479187], [-73.8415495, 40.8478314], [-73.8415012, 40.8477016], [-73.841461, 40.8476021], [-73.8414905, 40.8473932], [-73.8415495, 40.8473506], [-73.8422254, 40.8475068], [-73.8422573, 40.8475494], [-73.8420376, 40.8480891]]]}, "properties": {"osm_id": 526819972, "sport": "baseball", "leisure": "pitch"}}, {"type": "Feature", "geometry": {"type": "Polygon", "coordinates": [[[-73.8417587, 40.848081], [-73.8417317, 40.8481658], [-73.841719, 40.8482097], [-73.8417021, 40.8482399], [-73.8416192, 40.8482413], [-73.8414985, 40.8482534], [-73.8413802, 40.8482879], [-73.8412837, 40.8483305], [-73.8411974, 40.8483802], [-73.8411418, 40.8483204], [-73.8410908, 40.848225], [-73.8410855, 40.8481175], [-73.8411093, 40.8480019], [-73.8411606, 40.8479248], [-73.8412276, 40.8478395], [-73.8412973, 40.8477848], [-73.8414261, 40.8477279], [-73.8415012, 40.8477016], [-73.8415495, 40.8478314], [-73.8416541, 40.8479187], [-73.8416761, 40.8479528], [-73.8417587, 40.848081]]]}, "properties": {"osm_id": 526819973, "sport": "baseball", "leisure": "pitch"}}, {"type": "Feature", "geometry": {"type": "Polygon", "coordinates": [[[-73.84233, 40.84745], [-73.8422629, 40.8474743], [-73.8418067, 40.8473749], [-73.8418338, 40.8473039], [-73.8419089, 40.8472308], [-73.841992, 40.84717], [-73.8421044, 40.8471152], [-73.8422522, 40.8470908], [-73.8423729, 40.8470908], [-73.8424668, 40.8471132], [-73.84233, 40.84745]]]}, "properties": {"osm_id": 526820012, "sport": "baseball", "leisure": "pitch"}}, {"type": "Feature", "geometry": {"type": "Polygon", "coordinates": [[[-73.8410479, 40.8475494], [-73.8407421, 40.8470381], [-73.8417048, 40.8466201], [-73.8424507, 40.8468413], [-73.8423997, 40.8469529], [-73.8410479, 40.8475494]]]}, "properties": {"osm_id": 526820044, "leisure": "pitch"}}, {"type": "Feature", "geometry": {"type": "Polygon", "coordinates": [[[-73.8398354, 40.8260528], [-73.8389988, 40.826268], [-73.8386769, 40.8251882], [-73.8392721, 40.8250746], [-73.8398354, 40.8260528]]]}, "properties": {"osm_id": 527864363, "sport": "baseball", "leisure": "pitch", "name": "Lt. Terrance M. Murphy Field"}}, {"type": "Feature", "geometry": {"type": "Polygon", "coordinates": [[[-73.8398554, 40.8416424], [-73.8396379, 40.8413833], [-73.8395065, 40.8413686], [-73.839414, 40.8414202], [-73.8393442, 40.8415061], [-73.8393361, 40.8416412], [-73.839375, 40.8417381], [-73.8394805, 40.8418216], [-73.8398554, 40.8416424]]]}, "properties": {"osm_id": 531843872, "sport": "baseball", "leisure": "pitch", "surface": "grass"}}, {"type": "Feature", "geometry": {"type": "Polygon", "coordinates": [[[-73.8389888, 40.8420702], [-73.8387714, 40.8418112], [-73.8386399, 40.8417964], [-73.8385474, 40.841848], [-73.8384777, 40.8419339], [-73.8384696, 40.842069], [-73.8385085, 40.842166], [-73.838614, 40.8422494], [-73.8389888, 40.8420702]]]}, "properties": {"osm_id": 531843873, "sport": "baseball", "leisure": "pitch", "surface": "grass"}}, {"type": "Feature", "geometry": {"type": "Polygon", "coordinates": [[[-73.8388007, 40.8416769], [-73.8388309, 40.8414226], [-73.8387768, 40.8413803], [-73.8386651, 40.841389], [-73.8385718, 40.8414342], [-73.8385257, 40.841489], [-73.8385085, 40.8415817], [-73.8385341, 40.8416583], [-73.8388007, 40.8416769]]]}, "properties": {"osm_id": 531843874, "sport": "baseball", "leisure": "pitch", "surface": "grass"}}, {"type": "Feature", "geometry": {"type": "Polygon", "coordinates": [[[-73.8614161, 40.8210313], [-73.8612374, 40.8210544], [-73.86118, 40.8208], [-73.8613587, 40.8207769], [-73.8614161, 40.8210313]]]}, "properties": {"osm_id": 531848624, "sport": "basketball", "leisure": "pitch", "surface": "concrete"}}, {"type": "Feature", "geometry": {"type": "Polygon", "coordinates": [[[-73.8608846, 40.821078], [-73.8607546, 40.8210967], [-73.860702, 40.8208873], [-73.860832, 40.8208686], [-73.8608846, 40.821078]]]}, "properties": {"osm_id": 531848626, "sport": "tennis", "leisure": "pitch", "surface": "paved"}}, {"type": "Feature", "geometry": {"type": "Polygon", "coordinates": [[[-73.8607252, 40.8210995], [-73.8605952, 40.8211182], [-73.8605426, 40.8209088], [-73.8606726, 40.8208901], [-73.8607252, 40.8210995]]]}, "properties": {"osm_id": 531848627, "sport": "tennis", "leisure": "pitch", "surface": "paved"}}, {"type": "Feature", "geometry": {"type": "Polygon", "coordinates": [[[-73.8605557, 40.8211231], [-73.8604257, 40.8211418], [-73.8603731, 40.8209323], [-73.8605031, 40.8209136], [-73.8605557, 40.8211231]]]}, "properties": {"osm_id": 531848629, "sport": "tennis", "leisure": "pitch", "surface": "paved"}}, {"type": "Feature", "geometry": {"type": "Polygon", "coordinates": [[[-73.8368941, 40.8637969], [-73.8368973, 40.8636601], [-73.8366277, 40.8636565], [-73.8366245, 40.8637933], [-73.8368941, 40.8637969]]]}, "properties": {"osm_id": 533487727, "sport": "basketball", "leisure": "pitch", "surface": "concrete"}}, {"type": "Feature", "geometry": {"type": "Polygon", "coordinates": [[[-73.8368481, 40.8635838], [-73.8368481, 40.8632552], [-73.8367515, 40.8632491], [-73.836596, 40.8632552], [-73.8364592, 40.8633099], [-73.8363894, 40.8634012], [-73.8363814, 40.8634925], [-73.8363787, 40.8635716], [-73.8368481, 40.8635838]]]}, "properties": {"osm_id": 533487728, "sport": "baseball", "leisure": "pitch", "surface": "concrete"}}, {"type": "Feature", "geometry": {"type": "Polygon", "coordinates": [[[-73.8365392, 40.8631268], [-73.8362148, 40.8631177], [-73.8362227, 40.862965], [-73.8365446, 40.8629714], [-73.8365392, 40.8631268]]]}, "properties": {"osm_id": 533487729, "sport": "american_handball", "leisure": "pitch"}}, {"type": "Feature", "geometry": {"type": "Polygon", "coordinates": [[[-73.8325996, 40.8586575], [-73.8320299, 40.8588518], [-73.8319084, 40.8588635], [-73.8317855, 40.8588159], [-73.8317157, 40.8587346], [-73.8316905, 40.8586575], [-73.831731, 40.8585593], [-73.83184, 40.8584716], [-73.8319489, 40.8584389], [-73.832196, 40.8583512], [-73.832386, 40.858309], [-73.8325284, 40.8583354], [-73.8326164, 40.8583829], [-73.8326708, 40.8584875], [-73.8326527, 40.8585973], [-73.8325996, 40.8586575]]]}, "properties": {"osm_id": 533490533, "sport": "running", "leisure": "track", "surface": "paved"}}, {"type": "Feature", "geometry": {"type": "Polygon", "coordinates": [[[-73.8819316, 40.8245284], [-73.8818775, 40.8242799], [-73.8817268, 40.8242818], [-73.8815259, 40.8243266], [-73.8814486, 40.8244173], [-73.8814525, 40.8245274], [-73.881486, 40.8246317], [-73.8818054, 40.8245937], [-73.8818827, 40.8245664], [-73.8819316, 40.8245284]]]}, "properties": {"osm_id": 533702721, "sport": "baseball", "leisure": "pitch"}}, {"type": "Feature", "geometry": {"type": "Polygon", "coordinates": [[[-73.8697923, 40.8258513], [-73.8696112, 40.8258712], [-73.8695665, 40.8256381], [-73.8697476, 40.8256182], [-73.8697923, 40.8258513]]]}, "properties": {"osm_id": 533708606, "sport": "basketball", "leisure": "pitch"}}, {"type": "Feature", "geometry": {"type": "Polygon", "coordinates": [[[-73.8635832, 40.8226405], [-73.8641947, 40.8225309], [-73.8640982, 40.8223746], [-73.8639587, 40.8222224], [-73.8637119, 40.8221128], [-73.8633418, 40.8221128], [-73.8634062, 40.8223787], [-73.8634437, 40.8225796], [-73.8635832, 40.8226405]]]}, "properties": {"osm_id": 533708607, "sport": "baseball", "leisure": "pitch"}}, {"type": "Feature", "geometry": {"type": "Polygon", "coordinates": [[[-73.8573152, 40.8197289], [-73.8574373, 40.8197073], [-73.8574711, 40.8196847], [-73.8574802, 40.8196345], [-73.8574646, 40.8195775], [-73.8574373, 40.8194841], [-73.8573905, 40.8194693], [-73.8572333, 40.8194772], [-73.8570774, 40.8195038], [-73.8568981, 40.8195274], [-73.8568319, 40.8195421], [-73.8568007, 40.8195745], [-73.8568098, 40.8196257], [-73.8568215, 40.8196955], [-73.8568475, 40.8197309], [-73.8568747, 40.8197525], [-73.8569176, 40.8197692], [-73.8570319, 40.8197584], [-73.8573152, 40.8197289]]]}, "properties": {"osm_id": 533708608, "sport": "running", "leisure": "track", "surface": "concrete"}}, {"type": "Feature", "geometry": {"type": "Polygon", "coordinates": [[[-73.8556285, 40.8196522], [-73.8558812, 40.8196228], [-73.8562699, 40.8192866], [-73.8563199, 40.8192193], [-73.8561283, 40.8183977], [-73.85607, 40.8182863], [-73.8559201, 40.8182169], [-73.8557646, 40.8181959], [-73.8552703, 40.8182674], [-73.8551398, 40.8183031], [-73.8550148, 40.8184103], [-73.8549815, 40.8184754], [-73.8552314, 40.8195072], [-73.8553119, 40.8195892], [-73.855423, 40.8196396], [-73.8555452, 40.8196669], [-73.8556285, 40.8196522]]]}, "properties": {"osm_id": 533708609, "sport": "running", "leisure": "track", "surface": "paved"}}, {"type": "Feature", "geometry": {"type": "Polygon", "coordinates": [[[-73.8666413, 40.8190849], [-73.8664608, 40.8191089], [-73.866409, 40.8188851], [-73.8665895, 40.8188612], [-73.8666413, 40.8190849]]]}, "properties": {"osm_id": 533708612, "sport": "basketball", "leisure": "pitch"}}, {"type": "Feature", "geometry": {"type": "Polygon", "coordinates": [[[-73.9105842, 40.8106892], [-73.9104108, 40.8106526], [-73.9104936, 40.8104277], [-73.910667, 40.8104642], [-73.9105842, 40.8106892]]]}, "properties": {"osm_id": 533801366, "sport": "basketball", "leisure": "pitch"}}, {"type": "Feature", "geometry": {"type": "Polygon", "coordinates": [[[-73.9105228, 40.8101586], [-73.9103502, 40.8101244], [-73.9104066, 40.8099612], [-73.9105792, 40.8099955], [-73.9105228, 40.8101586]]]}, "properties": {"osm_id": 533801367, "sport": "basketball", "leisure": "pitch"}}, {"type": "Feature", "geometry": {"type": "Polygon", "coordinates": [[[-73.9106493, 40.8102105], [-73.9106076, 40.8103279], [-73.9103679, 40.8102791], [-73.9104096, 40.8101617], [-73.9106493, 40.8102105]]]}, "properties": {"osm_id": 533801368, "sport": "basketball", "leisure": "pitch"}}, {"type": "Feature", "geometry": {"type": "Polygon", "coordinates": [[[-73.8337876, 40.8817948], [-73.8339679, 40.8820248], [-73.8341828, 40.8820551], [-73.8343049, 40.8819449], [-73.8343522, 40.8817728], [-73.8342593, 40.8816199], [-73.8341901, 40.8815662], [-73.8340371, 40.8815965], [-73.8338022, 40.8817287], [-73.8337876, 40.8817948]]]}, "properties": {"osm_id": 533921137, "sport": "baseball", "leisure": "pitch", "surface": "grass"}}, {"type": "Feature", "geometry": {"type": "Polygon", "coordinates": [[[-73.8314863, 40.8835341], [-73.8312393, 40.8836112], [-73.8311801, 40.8835028], [-73.8314271, 40.8834258], [-73.8314863, 40.8835341]]]}, "properties": {"osm_id": 533921612, "sport": "basketball", "leisure": "pitch"}}, {"type": "Feature", "geometry": {"type": "Polygon", "coordinates": [[[-73.8314278, 40.8837036], [-73.8313021, 40.8837419], [-73.8312472, 40.8836391], [-73.8313729, 40.8836007], [-73.8314278, 40.8837036]]]}, "properties": {"osm_id": 533921613, "sport": "basketball", "leisure": "pitch"}}, {"type": "Feature", "geometry": {"type": "Polygon", "coordinates": [[[-73.8616714, 40.8468083], [-73.8615815, 40.8465846], [-73.8611658, 40.8467053], [-73.8612396, 40.8469031], [-73.8616714, 40.8468083]]]}, "properties": {"osm_id": 533925957, "sport": "basketball", "leisure": "pitch"}}, {"type": "Feature", "geometry": {"type": "Polygon", "coordinates": [[[-73.8526252, 40.8495002], [-73.8527131, 40.8494616], [-73.852739, 40.8494387], [-73.8527414, 40.8494136], [-73.8527291, 40.8493918], [-73.8526747, 40.8493087], [-73.8526434, 40.8492812], [-73.8526071, 40.8492663], [-73.8525659, 40.8492713], [-73.8523665, 40.8493585], [-73.8521341, 40.8494666], [-73.8521176, 40.8494857], [-73.8521116, 40.8495102], [-73.8521231, 40.8495414], [-73.8521857, 40.8496241], [-73.8522071, 40.8496449], [-73.8522363, 40.8496536], [-73.8522731, 40.8496561], [-73.8522989, 40.849649], [-73.8526252, 40.8495002]]]}, "properties": {"osm_id": 533926403, "sport": "hockey;ice_hockey", "leisure": "pitch", "surface": "paved"}}, {"type": "Feature", "geometry": {"type": "Polygon", "coordinates": [[[-73.8519946, 40.8490365], [-73.8519454, 40.8489339], [-73.851731, 40.8489927], [-73.8517802, 40.8490953], [-73.8519946, 40.8490365]]]}, "properties": {"osm_id": 533926404, "sport": "basketball", "leisure": "pitch"}}, {"type": "Feature", "geometry": {"type": "Polygon", "coordinates": [[[-73.8519302, 40.848912], [-73.8518765, 40.8488019], [-73.8516129, 40.8488753], [-73.8516666, 40.8489855], [-73.8519302, 40.848912]]]}, "properties": {"osm_id": 533926405, "sport": "basketball", "leisure": "pitch"}}, {"type": "Feature", "geometry": {"type": "Polygon", "coordinates": [[[-73.7886783, 40.8549587], [-73.7885305, 40.854991], [-73.7884598, 40.8548055], [-73.7886076, 40.8547733], [-73.7886783, 40.8549587]]]}, "properties": {"osm_id": 542995650, "sport": "basketball", "leisure": "pitch", "surface": "concrete"}}, {"type": "Feature", "geometry": {"type": "Polygon", "coordinates": [[[-73.7848861, 40.8445408], [-73.7847573, 40.8443419], [-73.7845991, 40.8443389], [-73.7844904, 40.8443997], [-73.7844663, 40.8444758], [-73.7844864, 40.844556], [-73.7845173, 40.8446158], [-73.7848861, 40.8445408]]]}, "properties": {"osm_id": 542997702, "sport": "baseball", "leisure": "pitch"}}, {"type": "Feature", "geometry": {"type": "Polygon", "coordinates": [[[-73.7836643, 40.8442273], [-73.7837416, 40.8442536], [-73.784351, 40.8444606], [-73.7842598, 40.8445651], [-73.7840827, 40.8446899], [-73.7839459, 40.8447548], [-73.7837998, 40.8447903], [-73.7836509, 40.8447903], [-73.7835302, 40.8447903], [-73.7834382, 40.8447765], [-73.7833719, 40.8447599], [-73.7832942, 40.8447356], [-73.7835798, 40.8442896], [-73.7836113, 40.8442404], [-73.7836643, 40.8442273]]]}, "properties": {"osm_id": 542997703, "sport": "baseball", "leisure": "pitch", "surface": "grass"}}, {"type": "Feature", "geometry": {"type": "Polygon", "coordinates": [[[-73.9171981, 40.8857737], [-73.9171063, 40.8857041], [-73.9173072, 40.8855527], [-73.917399, 40.8856223], [-73.9171981, 40.8857737]]]}, "properties": {"osm_id": 547496359, "sport": "tennis", "leisure": "pitch", "surface": "acrylic"}}, {"type": "Feature", "geometry": {"type": "Polygon", "coordinates": [[[-73.9168901, 40.8856239], [-73.9169815, 40.8856935], [-73.9171825, 40.8855428], [-73.9170912, 40.8854732], [-73.9168901, 40.8856239]]]}, "properties": {"osm_id": 547496360, "sport": "tennis", "leisure": "pitch", "surface": "acrylic"}}, {"type": "Feature", "geometry": {"type": "Polygon", "coordinates": [[[-73.9167616, 40.885612], [-73.9166685, 40.8855422], [-73.9168662, 40.8853914], [-73.9169593, 40.8854613], [-73.9167616, 40.885612]]]}, "properties": {"osm_id": 547496362, "sport": "tennis", "leisure": "pitch", "surface": "acrylic"}}, {"type": "Feature", "geometry": {"type": "Polygon", "coordinates": [[[-73.9165438, 40.8855309], [-73.9167453, 40.8853809], [-73.9166535, 40.8853104], [-73.9164519, 40.8854603], [-73.9165438, 40.8855309]]]}, "properties": {"osm_id": 547496364, "sport": "tennis", "leisure": "pitch", "surface": "acrylic"}}, {"type": "Feature", "geometry": {"type": "Polygon", "coordinates": [[[-73.9163253, 40.885449], [-73.916233, 40.8853798], [-73.9164332, 40.885227], [-73.9165255, 40.8852961], [-73.9163253, 40.885449]]]}, "properties": {"osm_id": 547496366, "sport": "tennis", "leisure": "pitch", "surface": "acrylic"}}, {"type": "Feature", "geometry": {"type": "Polygon", "coordinates": [[[-73.9161106, 40.8853697], [-73.9160181, 40.8853003], [-73.9162172, 40.8851487], [-73.9163097, 40.8852181], [-73.9161106, 40.8853697]]]}, "properties": {"osm_id": 547496369, "sport": "tennis", "leisure": "pitch", "surface": "acrylic"}}, {"type": "Feature", "geometry": {"type": "Polygon", "coordinates": [[[-73.8020677, 40.8579322], [-73.8015688, 40.8579727], [-73.8011611, 40.8581066], [-73.8012201, 40.8583095], [-73.8013971, 40.8585002], [-73.8016546, 40.8586016], [-73.8019121, 40.8586422], [-73.8020891, 40.8586341], [-73.8020677, 40.8579322]]]}, "properties": {"osm_id": 548607430, "sport": "baseball", "leisure": "pitch"}}, {"type": "Feature", "geometry": {"type": "Polygon", "coordinates": [[[-73.8003511, 40.8581756], [-73.8002438, 40.8584434], [-73.8004369, 40.8585813], [-73.8006944, 40.8586016], [-73.8008392, 40.8585367], [-73.8009465, 40.8584434], [-73.8008929, 40.8582608], [-73.800791, 40.858135], [-73.8003511, 40.8581756]]]}, "properties": {"osm_id": 548607431, "sport": "baseball", "leisure": "pitch"}}, {"type": "Feature", "geometry": {"type": "Polygon", "coordinates": [[[-73.8559598, 40.8156232], [-73.8559907, 40.8156158], [-73.8560158, 40.8155973], [-73.8560273, 40.8155637], [-73.8559805, 40.8153553], [-73.8559673, 40.8153284], [-73.855947, 40.815313], [-73.8559276, 40.8153055], [-73.8559074, 40.8153014], [-73.8558825, 40.8153024], [-73.8558625, 40.8153106], [-73.8558432, 40.8153227], [-73.8558319, 40.8153391], [-73.8558271, 40.8153599], [-73.8558789, 40.8155907], [-73.855896, 40.8156046], [-73.8559093, 40.8156143], [-73.8559295, 40.815621], [-73.8559598, 40.8156232]]]}, "properties": {"osm_id": 549198238, "sport": "running", "leisure": "track"}}, {"type": "Feature", "geometry": {"type": "Polygon", "coordinates": [[[-73.8383582, 40.8157452], [-73.8377113, 40.8154808], [-73.8377605, 40.8154118], [-73.8382063, 40.8147871], [-73.8382659, 40.8147037], [-73.8389127, 40.8149681], [-73.8383582, 40.8157452]]]}, "properties": {"osm_id": 561597553, "sport": "soccer", "leisure": "pitch"}}, {"type": "Feature", "geometry": {"type": "Polygon", "coordinates": [[[-73.9043413, 40.8451022], [-73.9043148, 40.8453513], [-73.9041286, 40.8453399], [-73.9041551, 40.8450909], [-73.9043413, 40.8451022]]]}, "properties": {"osm_id": 562630645, "sport": "basketball", "leisure": "pitch"}}, {"type": "Feature", "geometry": {"type": "Polygon", "coordinates": [[[-73.8990305, 40.8182149], [-73.8990239, 40.8181608], [-73.8984903, 40.8178451], [-73.8983839, 40.8179445], [-73.8983274, 40.8180539], [-73.8983008, 40.818186], [-73.8983125, 40.8183067], [-73.8983756, 40.8184237], [-73.8984554, 40.8185143], [-73.8985385, 40.8185759], [-73.8986233, 40.8186162], [-73.8990305, 40.8182149]]]}, "properties": {"osm_id": 562767696, "sport": "baseball", "leisure": "pitch"}}, {"type": "Feature", "geometry": {"type": "Polygon", "coordinates": [[[-73.8291945, 40.8267812], [-73.829114, 40.826939], [-73.8288397, 40.8268588], [-73.8289203, 40.826701], [-73.8291945, 40.8267812]]]}, "properties": {"osm_id": 570789602, "sport": "skateboard", "leisure": "pitch"}}, {"type": "Feature", "geometry": {"type": "Polygon", "coordinates": [[[-73.9267713, 40.8254797], [-73.9269322, 40.8252072], [-73.9270368, 40.8251027], [-73.9271025, 40.825123], [-73.9271039, 40.8253132], [-73.9271012, 40.8254218], [-73.9270737, 40.8255735], [-73.9269805, 40.8255517], [-73.9269845, 40.825504], [-73.926839, 40.8254959], [-73.9267713, 40.8254797]]]}, "properties": {"osm_id": 570789604, "sport": "skateboard", "leisure": "pitch", "name": "River Avenue Skate Park"}}, {"type": "Feature", "geometry": {"type": "Polygon", "coordinates": [[[-73.9119374, 40.8794383], [-73.9116665, 40.8796431], [-73.9115941, 40.8796694], [-73.9114922, 40.8796634], [-73.9114198, 40.8796269], [-73.9113876, 40.8795498], [-73.9114412, 40.8794788], [-73.9120394, 40.8790631], [-73.9121064, 40.8790347], [-73.9121842, 40.8790428], [-73.9122593, 40.8790651], [-73.9122835, 40.8791117], [-73.9122754, 40.8791746], [-73.9122593, 40.8792131], [-73.9119374, 40.8794383]]]}, "properties": {"osm_id": 584706628, "sport": "running", "leisure": "track"}}, {"type": "Feature", "geometry": {"type": "Polygon", "coordinates": [[[-73.8430852, 40.8817039], [-73.8424077, 40.8818454], [-73.8423428, 40.8818247], [-73.8422393, 40.8815643], [-73.8421757, 40.8813294], [-73.8422892, 40.8812445], [-73.8424664, 40.8812106], [-73.8430216, 40.8813728], [-73.8430852, 40.8817039]]]}, "properties": {"osm_id": 587942489, "sport": "baseball", "leisure": "pitch"}}, {"type": "Feature", "geometry": {"type": "Polygon", "coordinates": [[[-73.8425765, 40.882212], [-73.8424832, 40.881995], [-73.8423133, 40.8820368], [-73.8424066, 40.8822538], [-73.8425765, 40.882212]]]}, "properties": {"osm_id": 587942493, "sport": "basketball", "leisure": "pitch"}}, {"type": "Feature", "geometry": {"type": "Polygon", "coordinates": [[[-73.8427989, 40.8821565], [-73.8427004, 40.8819394], [-73.8425369, 40.8819818], [-73.8426355, 40.8821989], [-73.8427989, 40.8821565]]]}, "properties": {"osm_id": 587942494, "sport": "basketball", "leisure": "pitch"}}, {"type": "Feature", "geometry": {"type": "Polygon", "coordinates": [[[-73.7979112, 40.8082975], [-73.7979538, 40.8084017], [-73.7980389, 40.808432], [-73.7988172, 40.8087597], [-73.7990574, 40.8084282], [-73.799165, 40.8082066], [-73.7992401, 40.8080361], [-73.7992702, 40.8080021], [-73.7992727, 40.8079092], [-73.7992401, 40.8079073], [-73.7992151, 40.8079073], [-73.7992026, 40.8078884], [-73.7985369, 40.807538], [-73.7981615, 40.8080589], [-73.7980914, 40.8081005], [-73.7979112, 40.8082975]]]}, "properties": {"osm_id": 596255062, "sport": "baseball", "leisure": "pitch"}}, {"type": "Feature", "geometry": {"type": "Polygon", "coordinates": [[[-73.9120204, 40.8390353], [-73.9122847, 40.8385883], [-73.9113706, 40.8382377], [-73.9110037, 40.8388662], [-73.9110535, 40.8389584], [-73.9112482, 40.8390128], [-73.9112774, 40.8389688], [-73.9119442, 40.8391513], [-73.9120204, 40.8390353]]]}, "properties": {"osm_id": 608124825, "sport": "baseball", "leisure": "pitch"}}, {"type": "Feature", "geometry": {"type": "Polygon", "coordinates": [[[-73.919049, 40.8470049], [-73.9189202, 40.8469055], [-73.9191281, 40.8467442], [-73.9192555, 40.8468375], [-73.919049, 40.8470049]]]}, "properties": {"osm_id": 608125236, "sport": "basketball", "leisure": "pitch"}}, {"type": "Feature", "geometry": {"type": "Polygon", "coordinates": [[[-73.8979902, 40.8182667], [-73.8979322, 40.8182331], [-73.8973066, 40.818305], [-73.8972584, 40.8185282], [-73.8974263, 40.8187645], [-73.8976595, 40.818842], [-73.8980211, 40.8187878], [-73.8979902, 40.8182667]]]}, "properties": {"osm_id": 620204893, "sport": "baseball", "leisure": "pitch"}}, {"type": "Feature", "geometry": {"type": "Polygon", "coordinates": [[[-73.8967744, 40.8196483], [-73.8968426, 40.8196681], [-73.897416, 40.8194654], [-73.8973789, 40.819241], [-73.8971297, 40.8190502], [-73.8968771, 40.8190257], [-73.8965504, 40.8191549], [-73.8967744, 40.8196483]]]}, "properties": {"osm_id": 620204895, "sport": "baseball", "leisure": "pitch"}}, {"type": "Feature", "geometry": {"type": "Polygon", "coordinates": [[[-73.8380705, 40.8112965], [-73.8377427, 40.8107518], [-73.8387749, 40.810396], [-73.8391027, 40.8109407], [-73.8380705, 40.8112965]]]}, "properties": {"osm_id": 620715471, "sport": "soccer", "leisure": "pitch"}}, {"type": "Feature", "geometry": {"type": "Polygon", "coordinates": [[[-73.837776, 40.8088591], [-73.8366938, 40.8090709], [-73.8365381, 40.8086151], [-73.8376203, 40.8084034], [-73.837776, 40.8088591]]]}, "properties": {"osm_id": 620715472, "sport": "soccer", "leisure": "pitch"}}, {"type": "Feature", "geometry": {"type": "Polygon", "coordinates": [[[-73.8382616, 40.8105016], [-73.8378271, 40.8097403], [-73.8384029, 40.8095521], [-73.8388374, 40.8103134], [-73.8382616, 40.8105016]]]}, "properties": {"osm_id": 620715473, "sport": "soccer", "leisure": "pitch"}}, {"type": "Feature", "geometry": {"type": "Polygon", "coordinates": [[[-73.8383851, 40.8095351], [-73.8377697, 40.8096885], [-73.8374539, 40.8089626], [-73.8380692, 40.8088092], [-73.8383851, 40.8095351]]]}, "properties": {"osm_id": 620715474, "sport": "soccer", "leisure": "pitch"}}, {"type": "Feature", "geometry": {"type": "Polygon", "coordinates": [[[-73.837712, 40.8096801], [-73.8374354, 40.8092009], [-73.8364353, 40.8095315], [-73.8367118, 40.8100107], [-73.837712, 40.8096801]]]}, "properties": {"osm_id": 620715475, "sport": "soccer", "leisure": "pitch"}}, {"type": "Feature", "geometry": {"type": "Polygon", "coordinates": [[[-73.8370922, 40.8105875], [-73.8367359, 40.8100751], [-73.8376877, 40.8096959], [-73.838044, 40.8102083], [-73.8370922, 40.8105875]]]}, "properties": {"osm_id": 620715476, "sport": "soccer", "leisure": "pitch"}}, {"type": "Feature", "geometry": {"type": "Polygon", "coordinates": [[[-73.853328, 40.8259135], [-73.8532963, 40.8257813], [-73.8529172, 40.8258334], [-73.8529489, 40.8259656], [-73.853328, 40.8259135]]]}, "properties": {"osm_id": 628730483, "sport": "basketball", "leisure": "pitch", "surface": "asphalt"}}, {"type": "Feature", "geometry": {"type": "Polygon", "coordinates": [[[-73.9244462, 40.8208673], [-73.9240312, 40.8207285], [-73.9243896, 40.8201264], [-73.9247964, 40.8202673], [-73.9244462, 40.8208673]]]}, "properties": {"osm_id": 643861443, "sport": "american_football", "leisure": "pitch"}}, {"type": "Feature", "geometry": {"type": "Polygon", "coordinates": [[[-73.9258022, 40.81445], [-73.9254488, 40.8149602], [-73.9253983, 40.8149651], [-73.9249684, 40.8144771], [-73.9251736, 40.8141961], [-73.9258022, 40.81445]]]}, "properties": {"osm_id": 643861446, "sport": "baseball", "leisure": "pitch"}}, {"type": "Feature", "geometry": {"type": "Polygon", "coordinates": [[[-73.9134992, 40.8150164], [-73.9132749, 40.8149448], [-73.91312, 40.8152096], [-73.9133377, 40.8152862], [-73.9134992, 40.8150164]]]}, "properties": {"osm_id": 643861447, "sport": "basketball", "leisure": "pitch"}}, {"type": "Feature", "geometry": {"type": "Polygon", "coordinates": [[[-73.9140484, 40.844943], [-73.9141636, 40.8447742], [-73.9139088, 40.8446747], [-73.9137936, 40.8448435], [-73.9140484, 40.844943]]]}, "properties": {"osm_id": 664896829, "sport": "american_handball", "leisure": "pitch"}}, {"type": "Feature", "geometry": {"type": "Polygon", "coordinates": [[[-73.8583324, 40.8872095], [-73.8588287, 40.8873702], [-73.8586162, 40.8877538], [-73.8581143, 40.8876016], [-73.8583324, 40.8872095]]]}, "properties": {"osm_id": 664967438, "sport": "baseball", "leisure": "pitch"}}, {"type": "Feature", "geometry": {"type": "Polygon", "coordinates": [[[-73.8539247, 40.8374121], [-73.8537986, 40.8374245], [-73.8537495, 40.8371896], [-73.8538803, 40.8371754], [-73.8539247, 40.8374121]]]}, "properties": {"osm_id": 667595504, "sport": "american_handball", "leisure": "pitch"}}, {"type": "Feature", "geometry": {"type": "Polygon", "coordinates": [[[-73.8532847, 40.8388931], [-73.8530478, 40.8389183], [-73.8530025, 40.838674], [-73.8532394, 40.8386489], [-73.8532847, 40.8388931]]]}, "properties": {"osm_id": 667807099, "sport": "handball", "leisure": "pitch"}}, {"type": "Feature", "geometry": {"type": "Polygon", "coordinates": [[[-73.8262396, 40.8204948], [-73.8260955, 40.8203233], [-73.8259693, 40.8203841], [-73.8261135, 40.8205555], [-73.8262396, 40.8204948]]]}, "properties": {"osm_id": 673632474, "sport": "basketball", "leisure": "pitch"}}, {"type": "Feature", "geometry": {"type": "Polygon", "coordinates": [[[-73.826099, 40.8205639], [-73.8259549, 40.8203924], [-73.8258287, 40.8204532], [-73.8259729, 40.8206246], [-73.826099, 40.8205639]]]}, "properties": {"osm_id": 673632475, "sport": "basketball", "leisure": "pitch"}}, {"type": "Feature", "geometry": {"type": "Polygon", "coordinates": [[[-73.8718075, 40.8604412], [-73.8713289, 40.8604054], [-73.8713689, 40.860064], [-73.8718561, 40.8601024], [-73.8718075, 40.8604412]]]}, "properties": {"osm_id": 686979163, "sport": "basketball", "leisure": "pitch"}}, {"type": "Feature", "geometry": {"type": "Polygon", "coordinates": [[[-73.8777738, 40.8342878], [-73.8776871, 40.8343801], [-73.8774706, 40.8342635], [-73.8775573, 40.8341713], [-73.8777738, 40.8342878]]]}, "properties": {"osm_id": 723114424, "sport": "basketball", "leisure": "pitch"}}, {"type": "Feature", "geometry": {"type": "Polygon", "coordinates": [[[-73.8891377, 40.816112], [-73.8891441, 40.8161394], [-73.8891417, 40.8161421], [-73.8891225, 40.8161637], [-73.8890344, 40.816177], [-73.8889719, 40.8161496], [-73.8889573, 40.8160966], [-73.8889684, 40.8160661], [-73.8890116, 40.8160475], [-73.8889918, 40.8159587], [-73.889, 40.8159327], [-73.8890221, 40.8159088], [-73.8890414, 40.8158986], [-73.8890729, 40.8158872], [-73.8890998, 40.8158827], [-73.88914, 40.8158819], [-73.8891827, 40.8158889], [-73.8892153, 40.8159008], [-73.8892445, 40.8159198], [-73.8892673, 40.8159366], [-73.8892848, 40.815957], [-73.8892994, 40.8159861], [-73.8893047, 40.81601], [-73.8893058, 40.8160369], [-73.8893035, 40.8160661], [-73.8892994, 40.8160789], [-73.889286, 40.8160868], [-73.8891377, 40.816112]]]}, "properties": {"osm_id": 729940536, "sport": "softball", "leisure": "pitch"}}, {"type": "Feature", "geometry": {"type": "Polygon", "coordinates": [[[-73.8888779, 40.8155242], [-73.8888966, 40.8156156], [-73.88891, 40.8156275], [-73.8889351, 40.8156382], [-73.8889707, 40.815647], [-73.8890116, 40.8156514], [-73.8890495, 40.8156488], [-73.8890863, 40.815639], [-73.889119, 40.815624], [-73.88915, 40.8156033], [-73.8891686, 40.8155829], [-73.8891815, 40.8155577], [-73.8891902, 40.8155357], [-73.8891926, 40.8155087], [-73.8891873, 40.815484], [-73.8891762, 40.8154583], [-73.8891657, 40.8154411], [-73.88915, 40.8154243], [-73.8891278, 40.8154111], [-73.8891068, 40.8154031], [-73.8890846, 40.8153965], [-73.8890665, 40.8153978], [-73.8889573, 40.8154142], [-73.8889509, 40.8154058], [-73.8889427, 40.8153974], [-73.8889334, 40.8153894], [-73.8889159, 40.8153828], [-73.8888336, 40.8153961], [-73.8887918, 40.8154417], [-73.8888077, 40.8155124], [-73.8888329, 40.8155181], [-73.8888586, 40.8155221], [-73.8888779, 40.8155242]]]}, "properties": {"osm_id": 729940537, "sport": "softball", "leisure": "pitch"}}, {"type": "Feature", "geometry": {"type": "Polygon", "coordinates": [[[-73.8852782, 40.8148904], [-73.8852435, 40.8148955], [-73.8852584, 40.8149516], [-73.8852628, 40.8149555], [-73.8852698, 40.8149578], [-73.8852744, 40.8149586], [-73.88528, 40.8149584], [-73.8852861, 40.8149564], [-73.8852905, 40.814952], [-73.8852934, 40.8149474], [-73.8852782, 40.8148904]]]}, "properties": {"osm_id": 731758767, "sport": "basketball", "leisure": "pitch"}}, {"type": "Feature", "geometry": {"type": "Polygon", "coordinates": [[[-73.8854323, 40.8149757], [-73.8854044, 40.8149806], [-73.8853866, 40.8149813], [-73.8853709, 40.8149797], [-73.8853563, 40.8149764], [-73.8853452, 40.8149716], [-73.8853329, 40.8149638], [-73.8853245, 40.8149565], [-73.8853172, 40.8149401], [-73.8853143, 40.8149288], [-73.8853158, 40.8149168], [-73.8853188, 40.8149082], [-73.8853235, 40.8149003], [-73.885331, 40.8148915], [-73.8853421, 40.8148841], [-73.885352, 40.8148787], [-73.8853627, 40.8148755], [-73.8853793, 40.8148723], [-73.8853903, 40.8148708], [-73.8854039, 40.8148695], [-73.8854323, 40.8149757]]]}, "properties": {"osm_id": 731758768, "sport": "basketball", "leisure": "pitch"}}, {"type": "Feature", "geometry": {"type": "Polygon", "coordinates": [[[-73.8854352, 40.8149864], [-73.8854102, 40.8149906], [-73.8853868, 40.8149958], [-73.885375, 40.8150013], [-73.8853677, 40.8150062], [-73.8853609, 40.8150122], [-73.8853534, 40.8150211], [-73.8853485, 40.8150308], [-73.885346, 40.8150423], [-73.8853465, 40.815057], [-73.8853476, 40.8150614], [-73.8853516, 40.8150686], [-73.8853606, 40.8150794], [-73.885371, 40.8150875], [-73.8853819, 40.8150931], [-73.8853945, 40.8150975], [-73.8854067, 40.8150997], [-73.8854223, 40.8151], [-73.8854407, 40.8150989], [-73.8854645, 40.8150956], [-73.8854352, 40.8149864]]]}, "properties": {"osm_id": 731758769, "sport": "basketball", "leisure": "pitch"}}, {"type": "Feature", "geometry": {"type": "Polygon", "coordinates": [[[-73.8853227, 40.8150526], [-73.8852184, 40.8150674], [-73.8851895, 40.8149596], [-73.8852954, 40.8149438], [-73.8853227, 40.8150526]]]}, "properties": {"osm_id": 731758784, "leisure": "pitch"}}, {"type": "Feature", "geometry": {"type": "Polygon", "coordinates": [[[-73.910114, 40.8111956], [-73.910015, 40.8111744], [-73.910059, 40.8110569], [-73.9101579, 40.8110781], [-73.910114, 40.8111956]]]}, "properties": {"osm_id": 767304567, "sport": "basketball", "leisure": "pitch"}}, {"type": "Feature", "geometry": {"type": "Polygon", "coordinates": [[[-73.8808224, 40.8766533], [-73.8814597, 40.876475], [-73.881421, 40.8763128], [-73.8812737, 40.8763497], [-73.8810938, 40.8764073], [-73.8809007, 40.876488], [-73.8807828, 40.8765549], [-73.8808224, 40.8766533]]]}, "properties": {"osm_id": 776108467, "sport": "basketball", "leisure": "pitch"}}, {"type": "Feature", "geometry": {"type": "Polygon", "coordinates": [[[-73.9222444, 40.8223108], [-73.9217691, 40.8219195], [-73.9228318, 40.8211802], [-73.9233072, 40.8215717], [-73.9222444, 40.8223108]]]}, "properties": {"osm_id": 808202194, "sport": "american_football", "leisure": "pitch"}}, {"type": "Feature", "geometry": {"type": "Polygon", "coordinates": [[[-73.9072346, 40.8179743], [-73.906701, 40.8178503], [-73.9067999, 40.8176066], [-73.9073335, 40.8177307], [-73.9072346, 40.8179743]]]}, "properties": {"osm_id": 808964900, "sport": "basketball", "leisure": "pitch"}}, {"type": "Feature", "geometry": {"type": "Polygon", "coordinates": [[[-73.870668, 40.818577], [-73.870645, 40.8183541], [-73.8704758, 40.8183641], [-73.8704987, 40.818587], [-73.870668, 40.818577]]]}, "properties": {"osm_id": 817579492, "sport": "basketball", "leisure": "pitch", "name": "2", "surface": "asphalt"}}, {"type": "Feature", "geometry": {"type": "Polygon", "coordinates": [[[-73.8708798, 40.818765], [-73.8705316, 40.8187885], [-73.8705595, 40.8190262], [-73.8709077, 40.8190027], [-73.8708974, 40.8189146], [-73.8708798, 40.818765]]]}, "properties": {"osm_id": 817579494, "sport": "american_handball", "leisure": "pitch"}}, {"type": "Feature", "geometry": {"type": "Polygon", "coordinates": [[[-73.870865, 40.8187323], [-73.8708488, 40.8185811], [-73.8705103, 40.8186018], [-73.8705265, 40.8187531], [-73.870865, 40.8187323]]]}, "properties": {"osm_id": 817579496, "sport": "basketball", "leisure": "pitch", "name": "1", "surface": "asphalt"}}, {"type": "Feature", "geometry": {"type": "Polygon", "coordinates": [[[-73.8708274, 40.8183387], [-73.8706556, 40.8183493], [-73.8706798, 40.818573], [-73.8708515, 40.8185624], [-73.8708274, 40.8183387]]]}, "properties": {"osm_id": 817579497, "sport": "basketball", "leisure": "pitch", "name": "3", "surface": "asphalt"}}, {"type": "Feature", "geometry": {"type": "Polygon", "coordinates": [[[-73.8729976, 40.8193889], [-73.8729146, 40.8195034], [-73.8727457, 40.8195216], [-73.8725981, 40.8194019], [-73.8725364, 40.8190467], [-73.872649, 40.8189866], [-73.872809, 40.818974], [-73.8729683, 40.8190588], [-73.8729976, 40.8193889]]]}, "properties": {"osm_id": 817580070, "sport": "cricket", "leisure": "pitch", "surface": "grass"}}, {"type": "Feature", "geometry": {"type": "Polygon", "coordinates": [[[-73.8658116, 40.8141868], [-73.8654762, 40.813996], [-73.8652899, 40.8141835], [-73.8654413, 40.8142697], [-73.8654641, 40.8142826], [-73.8656253, 40.8143744], [-73.8658116, 40.8141868]]]}, "properties": {"osm_id": 817585861, "sport": "basketball", "leisure": "pitch"}}, {"type": "Feature", "geometry": {"type": "Polygon", "coordinates": [[[-73.8492193, 40.8068829], [-73.8493145, 40.8068737], [-73.8493561, 40.8068321], [-73.8492289, 40.8062488], [-73.8488706, 40.8063164], [-73.8487097, 40.8064251], [-73.8486292, 40.8066047], [-73.8485756, 40.8068433], [-73.848589, 40.8069133], [-73.8492193, 40.8068829]]]}, "properties": {"osm_id": 817596066, "sport": "baseball", "leisure": "pitch"}}, {"type": "Feature", "geometry": {"type": "Polygon", "coordinates": [[[-73.8128674, 40.822525], [-73.8128379, 40.8225788], [-73.8131101, 40.8230751], [-73.8133247, 40.8230152], [-73.813495, 40.8229087], [-73.8135875, 40.8228234], [-73.8136372, 40.8227138], [-73.813664, 40.8225575], [-73.8135741, 40.8224347], [-73.8135205, 40.8223617], [-73.8128674, 40.822525]]]}, "properties": {"osm_id": 817603167, "sport": "baseball", "leisure": "pitch"}}, {"type": "Feature", "geometry": {"type": "Polygon", "coordinates": [[[-73.9122907, 40.8337564], [-73.9124236, 40.833525], [-73.9124086, 40.8335199], [-73.9122787, 40.8337532], [-73.9122907, 40.8337564]]]}, "properties": {"osm_id": 831216805, "leisure": "pitch"}}, {"type": "Feature", "geometry": {"type": "Polygon", "coordinates": [[[-73.9171298, 40.8437213], [-73.9170073, 40.8436698], [-73.9168992, 40.8438169], [-73.9170218, 40.8438684], [-73.9171298, 40.8437213]]]}, "properties": {"osm_id": 852360837, "sport": "basketball", "leisure": "pitch"}}, {"type": "Feature", "geometry": {"type": "Polygon", "coordinates": [[[-73.8877379, 40.8791763], [-73.8878611, 40.8790719], [-73.8876467, 40.8789273], [-73.8875235, 40.8790317], [-73.8877379, 40.8791763]]]}, "properties": {"osm_id": 871950917, "sport": "basketball", "leisure": "pitch"}}, {"type": "Feature", "geometry": {"type": "Polygon", "coordinates": [[[-73.9071949, 40.8562694], [-73.9069568, 40.8561837], [-73.9070263, 40.8560731], [-73.9072644, 40.8561588], [-73.9071949, 40.8562694]]]}, "properties": {"osm_id": 878675242, "sport": "basketball", "leisure": "pitch"}}, {"type": "Feature", "geometry": {"type": "Polygon", "coordinates": [[[-73.8977176, 40.8317459], [-73.8974722, 40.8317723], [-73.8974514, 40.8316619], [-73.8976969, 40.8316355], [-73.8977176, 40.8317459]]]}, "properties": {"osm_id": 879462787, "sport": "basketball", "leisure": "pitch"}}, {"type": "Feature", "geometry": {"type": "Polygon", "coordinates": [[[-73.9018114, 40.8254232], [-73.9014884, 40.8253526], [-73.9014374, 40.8254865], [-73.9017603, 40.825557], [-73.9018114, 40.8254232]]]}, "properties": {"osm_id": 879798376, "sport": "basketball", "leisure": "pitch"}}, {"type": "Feature", "geometry": {"type": "Polygon", "coordinates": [[[-73.9015203, 40.8260416], [-73.9008488, 40.8259], [-73.9009108, 40.8257325], [-73.9013567, 40.8255601], [-73.9016927, 40.8256267], [-73.9015203, 40.8260416]]]}, "properties": {"osm_id": 879798378, "leisure": "pitch"}}, {"type": "Feature", "geometry": {"type": "Polygon", "coordinates": [[[-73.9010635, 40.8250996], [-73.9013358, 40.8245492], [-73.9021344, 40.8247376], [-73.9018626, 40.8253665], [-73.9011132, 40.825187], [-73.9010635, 40.8250996]]]}, "properties": {"osm_id": 879798385, "sport": "baseball", "leisure": "pitch"}}, {"type": "Feature", "geometry": {"type": "Polygon", "coordinates": [[[-73.9073127, 40.8322373], [-73.9072549, 40.8323414], [-73.9074747, 40.8324112], [-73.9075324, 40.8323071], [-73.9073127, 40.8322373]]]}, "properties": {"osm_id": 880274603, "sport": "basketball", "leisure": "pitch"}}, {"type": "Feature", "geometry": {"type": "Polygon", "coordinates": [[[-73.9072411, 40.832359], [-73.9071834, 40.8324631], [-73.9074031, 40.8325329], [-73.9074609, 40.8324288], [-73.9072411, 40.832359]]]}, "properties": {"osm_id": 880274604, "sport": "basketball", "leisure": "pitch"}}, {"type": "Feature", "geometry": {"type": "Polygon", "coordinates": [[[-73.9070536, 40.8327731], [-73.9068863, 40.83272], [-73.9067941, 40.8328862], [-73.9069613, 40.8329394], [-73.9070536, 40.8327731]]]}, "properties": {"osm_id": 880274606, "sport": "basketball", "leisure": "pitch"}}, {"type": "Feature", "geometry": {"type": "Polygon", "coordinates": [[[-73.9082343, 40.8334158], [-73.9081022, 40.8333733], [-73.9079967, 40.833561], [-73.9081288, 40.8336035], [-73.9082343, 40.8334158]]]}, "properties": {"osm_id": 880274607, "sport": "basketball", "leisure": "pitch"}}, {"type": "Feature", "geometry": {"type": "Polygon", "coordinates": [[[-73.9210595, 40.819832], [-73.9204627, 40.8196787], [-73.9208999, 40.8187125], [-73.9214954, 40.8188637], [-73.9210595, 40.819832]]]}, "properties": {"osm_id": 894284903, "sport": "american_football;soccer", "leisure": "pitch", "surface": "artificial_turf"}}, {"type": "Feature", "geometry": {"type": "Polygon", "coordinates": [[[-73.8988589, 40.8573178], [-73.8985772, 40.8572531], [-73.8986303, 40.8571208], [-73.8989121, 40.8571855], [-73.8988589, 40.8573178]]]}, "properties": {"osm_id": 897960165, "sport": "basketball", "leisure": "pitch"}}, {"type": "Feature", "geometry": {"type": "Polygon", "coordinates": [[[-73.8965832, 40.8569244], [-73.8964296, 40.8568727], [-73.8962938, 40.8571034], [-73.8964474, 40.8571551], [-73.8965832, 40.8569244]]]}, "properties": {"osm_id": 897960170, "sport": "basketball", "leisure": "pitch"}}, {"type": "Feature", "geometry": {"type": "Polygon", "coordinates": [[[-73.8987862, 40.8574875], [-73.8985045, 40.8574227], [-73.8985576, 40.8572904], [-73.8988394, 40.8573552], [-73.8987862, 40.8574875]]]}, "properties": {"osm_id": 897960172, "sport": "basketball", "leisure": "pitch"}}, {"type": "Feature", "geometry": {"type": "Polygon", "coordinates": [[[-73.8258399, 40.8783078], [-73.8256888, 40.8783561], [-73.8255958, 40.8781898], [-73.8257469, 40.8781415], [-73.8258399, 40.8783078]]]}, "properties": {"osm_id": 903961857, "sport": "basketball", "leisure": "pitch"}}, {"type": "Feature", "geometry": {"type": "Polygon", "coordinates": [[[-73.8255891, 40.8782149], [-73.8256639, 40.8783403], [-73.8253563, 40.8784383], [-73.825284, 40.8783161], [-73.8255891, 40.8782149]]]}, "properties": {"osm_id": 903961858, "sport": "basketball", "leisure": "pitch"}}, {"type": "Feature", "geometry": {"type": "Polygon", "coordinates": [[[-73.8263421, 40.873013], [-73.8260242, 40.872906], [-73.8259449, 40.8730407], [-73.8262629, 40.8731477], [-73.8263421, 40.873013]]]}, "properties": {"osm_id": 903978909, "sport": "basketball", "leisure": "pitch"}}, {"type": "Feature", "geometry": {"type": "Polygon", "coordinates": [[[-73.8260935, 40.8734305], [-73.8258104, 40.8733355], [-73.825732, 40.8734689], [-73.8260151, 40.873564], [-73.8260935, 40.8734305]]]}, "properties": {"osm_id": 903978910, "sport": "basketball", "leisure": "pitch"}}, {"type": "Feature", "geometry": {"type": "Polygon", "coordinates": [[[-73.8260127, 40.8730902], [-73.8261911, 40.8731497], [-73.8260505, 40.8733904], [-73.8258722, 40.8733309], [-73.8260127, 40.8730902]]]}, "properties": {"osm_id": 903978911, "sport": "basketball", "leisure": "pitch"}}, {"type": "Feature", "geometry": {"type": "Polygon", "coordinates": [[[-73.8301938, 40.8711269], [-73.8299366, 40.8710395], [-73.8300121, 40.8709124], [-73.8302693, 40.8709997], [-73.8301938, 40.8711269]]]}, "properties": {"osm_id": 903978913, "sport": "basketball", "leisure": "pitch"}}, {"type": "Feature", "geometry": {"type": "Polygon", "coordinates": [[[-73.8608477, 40.8599052], [-73.8608203, 40.860924], [-73.8609983, 40.8610405], [-73.8613452, 40.8610498], [-73.8614854, 40.8609785], [-73.8615208, 40.8599134], [-73.8614096, 40.8598288], [-73.8609928, 40.8598174], [-73.8608477, 40.8599052]]]}, "properties": {"osm_id": 904432970, "sport": "running", "leisure": "track"}}, {"type": "Feature", "geometry": {"type": "Polygon", "coordinates": [[[-73.8587596, 40.8627567], [-73.8587715, 40.8625048], [-73.8587531, 40.8624599], [-73.8586985, 40.8624374], [-73.8586351, 40.8624308], [-73.8585794, 40.8624559], [-73.8582142, 40.8627076], [-73.8581885, 40.8627458], [-73.8581896, 40.8627821], [-73.858245, 40.8628803], [-73.8583044, 40.8629028], [-73.8586006, 40.8629041], [-73.8586591, 40.8628919], [-73.8586955, 40.862871], [-73.8587502, 40.8628153], [-73.8587596, 40.8627567]]]}, "properties": {"osm_id": 904432974, "sport": "running", "leisure": "track"}}, {"type": "Feature", "geometry": {"type": "Polygon", "coordinates": [[[-73.9033105, 40.8254959], [-73.9031986, 40.8255972], [-73.9029389, 40.8254331], [-73.9030508, 40.8253318], [-73.9033105, 40.8254959]]]}, "properties": {"osm_id": 907888904, "sport": "basketball", "leisure": "pitch"}}, {"type": "Feature", "geometry": {"type": "Polygon", "coordinates": [[[-73.9042878, 40.8217134], [-73.9040458, 40.8216551], [-73.9041685, 40.8213634], [-73.9044105, 40.8214217], [-73.9042878, 40.8217134]]]}, "properties": {"osm_id": 907888946, "sport": "basketball", "leisure": "pitch"}}, {"type": "Feature", "geometry": {"type": "Polygon", "coordinates": [[[-73.9192759, 40.8514839], [-73.9191274, 40.85159], [-73.9190584, 40.8515347], [-73.9192068, 40.8514286], [-73.9192759, 40.8514839]]]}, "properties": {"osm_id": 910137942, "sport": "basketball", "leisure": "pitch"}}, {"type": "Feature", "geometry": {"type": "Polygon", "coordinates": [[[-73.9222195, 40.8529406], [-73.9220699, 40.852863], [-73.922213, 40.8527053], [-73.9223625, 40.8527829], [-73.9222195, 40.8529406]]]}, "properties": {"osm_id": 910149382, "sport": "basketball", "leisure": "pitch"}}, {"type": "Feature", "geometry": {"type": "Polygon", "coordinates": [[[-73.9223651, 40.8530385], [-73.9222156, 40.8529609], [-73.9223586, 40.8528032], [-73.9225081, 40.8528808], [-73.9223651, 40.8530385]]]}, "properties": {"osm_id": 910149383, "sport": "basketball", "leisure": "pitch"}}, {"type": "Feature", "geometry": {"type": "Polygon", "coordinates": [[[-73.9119214, 40.8211138], [-73.9118446, 40.8212368], [-73.9120856, 40.821323], [-73.9121625, 40.8212001], [-73.9119214, 40.8211138]]]}, "properties": {"osm_id": 910494816, "sport": "basketball", "leisure": "pitch"}}, {"type": "Feature", "geometry": {"type": "Polygon", "coordinates": [[[-73.9120319, 40.8209264], [-73.911955, 40.8210494], [-73.9121961, 40.8211356], [-73.9122729, 40.8210127], [-73.9120319, 40.8209264]]]}, "properties": {"osm_id": 910494820, "sport": "basketball", "leisure": "pitch"}}, {"type": "Feature", "geometry": {"type": "Polygon", "coordinates": [[[-73.9008079, 40.874681], [-73.9007313, 40.8744813], [-73.9005921, 40.8745119], [-73.9006686, 40.8747115], [-73.9008079, 40.874681]]]}, "properties": {"osm_id": 911564101, "sport": "basketball", "leisure": "pitch"}}, {"type": "Feature", "geometry": {"type": "Polygon", "coordinates": [[[-73.8882884, 40.7909351], [-73.8881837, 40.7908526], [-73.8880541, 40.7909516], [-73.8881622, 40.791035], [-73.8882884, 40.7909351]]]}, "properties": {"osm_id": 915052483, "sport": "basketball", "leisure": "pitch"}}, {"type": "Feature", "geometry": {"type": "Polygon", "coordinates": [[[-73.8793675, 40.792305], [-73.8790326, 40.7922606], [-73.8790011, 40.7923968], [-73.8793359, 40.7924413], [-73.8793675, 40.792305]]]}, "properties": {"osm_id": 915052486, "sport": "basketball", "leisure": "pitch"}}, {"type": "Feature", "geometry": {"type": "Polygon", "coordinates": [[[-73.8820605, 40.7933331], [-73.8818802, 40.7933264], [-73.8818969, 40.7930682], [-73.8820772, 40.7930749], [-73.8820605, 40.7933331]]]}, "properties": {"osm_id": 915052491, "sport": "basketball", "leisure": "pitch"}}, {"type": "Feature", "geometry": {"type": "Polygon", "coordinates": [[[-73.9221245, 40.8232085], [-73.9222955, 40.8232648], [-73.9223203, 40.8232379], [-73.9223358, 40.823209], [-73.9223364, 40.823174], [-73.922325, 40.823142], [-73.9223036, 40.8231182], [-73.922266, 40.8230928], [-73.9222258, 40.8230801], [-73.9221956, 40.8230771], [-73.9221245, 40.8232085]]]}, "properties": {"osm_id": 920573184, "sport": "baseball", "leisure": "pitch", "surface": "asphalt"}}, {"type": "Feature", "geometry": {"type": "Polygon", "coordinates": [[[-73.922367, 40.8230822], [-73.9224634, 40.8229061], [-73.9223356, 40.8228661], [-73.9222393, 40.8230422], [-73.922367, 40.8230822]]]}, "properties": {"osm_id": 920573185, "sport": "basketball", "leisure": "pitch", "surface": "asphalt"}}, {"type": "Feature", "geometry": {"type": "Polygon", "coordinates": [[[-73.9221214, 40.8231206], [-73.9222341, 40.8229192], [-73.9220993, 40.822876], [-73.9219867, 40.8230775], [-73.9221214, 40.8231206]]]}, "properties": {"osm_id": 920573187, "sport": "basketball", "leisure": "pitch", "surface": "asphalt"}}, {"type": "Feature", "geometry": {"type": "Polygon", "coordinates": [[[-73.9224364, 40.8224925], [-73.9221279, 40.82239], [-73.9220568, 40.822525], [-73.922085, 40.8226092], [-73.9221681, 40.8226904], [-73.9223063, 40.8227371], [-73.9224364, 40.8224925]]]}, "properties": {"osm_id": 920573188, "sport": "baseball", "leisure": "pitch", "surface": "asphalt"}}, {"type": "Feature", "geometry": {"type": "Polygon", "coordinates": [[[-73.9115748, 40.8506573], [-73.9115962, 40.8505497], [-73.9115533, 40.8505477], [-73.9115211, 40.8505568], [-73.911501, 40.8505721], [-73.9114957, 40.8505903], [-73.9114997, 40.8506147], [-73.9115117, 40.850636], [-73.9115359, 40.8506512], [-73.9115748, 40.8506573]]]}, "properties": {"osm_id": 920574793, "sport": "basketball", "leisure": "pitch", "surface": "asphalt"}}, {"type": "Feature", "geometry": {"type": "Polygon", "coordinates": [[[-73.9115905, 40.850517], [-73.9115272, 40.8504194], [-73.9114904, 40.8504362], [-73.9114708, 40.8504576], [-73.9114658, 40.8504787], [-73.9114751, 40.8504961], [-73.9114967, 40.8505143], [-73.9115227, 40.8505267], [-73.911554, 40.8505288], [-73.9115905, 40.850517]]]}, "properties": {"osm_id": 920574794, "sport": "basketball", "leisure": "pitch", "surface": "asphalt"}}, {"type": "Feature", "geometry": {"type": "Polygon", "coordinates": [[[-73.9113578, 40.8504057], [-73.9113966, 40.8503588], [-73.9112869, 40.8503069], [-73.9112482, 40.8503538], [-73.9113578, 40.8504057]]]}, "properties": {"osm_id": 920574795, "leisure": "pitch", "surface": "asphalt"}}, {"type": "Feature", "geometry": {"type": "Polygon", "coordinates": [[[-73.9113085, 40.8504642], [-73.9113472, 40.8504173], [-73.9112376, 40.8503655], [-73.9111989, 40.8504124], [-73.9113085, 40.8504642]]]}, "properties": {"osm_id": 920574796, "leisure": "pitch", "surface": "asphalt"}}, {"type": "Feature", "geometry": {"type": "Polygon", "coordinates": [[[-73.9112388, 40.8508673], [-73.9112928, 40.8507547], [-73.9110405, 40.8506855], [-73.9109866, 40.8507981], [-73.9112388, 40.8508673]]]}, "properties": {"osm_id": 920574800, "sport": "basketball", "leisure": "pitch", "surface": "asphalt"}}, {"type": "Feature", "geometry": {"type": "Polygon", "coordinates": [[[-73.9111282, 40.850504], [-73.9110405, 40.8506855], [-73.9112928, 40.8507547], [-73.9113796, 40.8505733], [-73.9111282, 40.850504]]]}, "properties": {"osm_id": 920574801, "sport": "baseball", "leisure": "pitch", "surface": "asphalt"}}, {"type": "Feature", "geometry": {"type": "Polygon", "coordinates": [[[-73.9004196, 40.8281557], [-73.9004987, 40.827962], [-73.9003529, 40.827928], [-73.9002739, 40.8281217], [-73.9004196, 40.8281557]]]}, "properties": {"osm_id": 920577174, "sport": "basketball", "leisure": "pitch", "surface": "asphalt"}}, {"type": "Feature", "geometry": {"type": "Polygon", "coordinates": [[[-73.9000617, 40.8282118], [-73.9001257, 40.8280567], [-73.9001863, 40.8279097], [-73.9000015, 40.8278661], [-73.899915, 40.8278456], [-73.8997904, 40.8281478], [-73.9000617, 40.8282118]]]}, "properties": {"osm_id": 920577175, "sport": "soccer", "leisure": "pitch", "surface": "asphalt"}}, {"type": "Feature", "geometry": {"type": "Polygon", "coordinates": [[[-73.9001863, 40.8279097], [-73.9000015, 40.8278661], [-73.8999401, 40.828012], [-73.9001257, 40.8280567], [-73.9001863, 40.8279097]]]}, "properties": {"osm_id": 920577176, "sport": "baseball", "leisure": "pitch", "surface": "asphalt"}}, {"type": "Feature", "geometry": {"type": "Polygon", "coordinates": [[[-73.9006516, 40.8282206], [-73.9007001, 40.828109], [-73.9005458, 40.8280707], [-73.9004973, 40.8281822], [-73.9006516, 40.8282206]]]}, "properties": {"osm_id": 920577179, "sport": "baseball", "leisure": "pitch", "surface": "asphalt"}}, {"type": "Feature", "geometry": {"type": "Polygon", "coordinates": [[[-73.8944165, 40.8320858], [-73.8943809, 40.8318763], [-73.894338, 40.8318758], [-73.8942824, 40.8318884], [-73.8942314, 40.8319062], [-73.8941959, 40.8319265], [-73.8941623, 40.831958], [-73.8941415, 40.8319914], [-73.8941301, 40.832028], [-73.8941295, 40.8320681], [-73.8941382, 40.832099], [-73.8941442, 40.8321122], [-73.8944165, 40.8320858]]]}, "properties": {"osm_id": 920577935, "sport": "baseball", "leisure": "pitch", "surface": "asphalt"}}, {"type": "Feature", "geometry": {"type": "Polygon", "coordinates": [[[-73.8939578, 40.831745], [-73.8939803, 40.8315608], [-73.8938929, 40.8315547], [-73.8938704, 40.8317389], [-73.8939578, 40.831745]]]}, "properties": {"osm_id": 920577938, "sport": "soccer", "leisure": "pitch", "surface": "asphalt"}}, {"type": "Feature", "geometry": {"type": "Polygon", "coordinates": [[[-73.8942361, 40.8315253], [-73.8942285, 40.8315293], [-73.894223, 40.8315348], [-73.8942201, 40.8315414], [-73.89422, 40.8315483], [-73.8942229, 40.8315549], [-73.8942284, 40.8315604], [-73.8942359, 40.8315644], [-73.8942447, 40.8315664], [-73.8942544, 40.831566], [-73.8942634, 40.8315633], [-73.8942706, 40.8315584], [-73.8942753, 40.831552], [-73.8942769, 40.8315448], [-73.8942752, 40.8315375], [-73.8942704, 40.8315312], [-73.8942631, 40.8315264], [-73.894254, 40.8315237], [-73.8942449, 40.8315234], [-73.8942361, 40.8315253]]]}, "properties": {"osm_id": 920577940, "sport": "funnel_ball", "leisure": "pitch"}}, {"type": "Feature", "geometry": {"type": "Polygon", "coordinates": [[[-73.8944648, 40.8318103], [-73.8944365, 40.8316449], [-73.8944229, 40.8315652], [-73.8943144, 40.8315758], [-73.8942457, 40.8315825], [-73.8942875, 40.8318276], [-73.8944648, 40.8318103]]]}, "properties": {"osm_id": 920577941, "sport": "soccer", "leisure": "pitch", "surface": "asphalt"}}, {"type": "Feature", "geometry": {"type": "Polygon", "coordinates": [[[-73.8944229, 40.8315652], [-73.8943144, 40.8315758], [-73.894328, 40.8316555], [-73.8944365, 40.8316449], [-73.8944229, 40.8315652]]]}, "properties": {"osm_id": 920577942, "sport": "baseball", "leisure": "pitch", "surface": "asphalt"}}, {"type": "Feature", "geometry": {"type": "Polygon", "coordinates": [[[-73.8941694, 40.8316455], [-73.8941896, 40.8316037], [-73.8941339, 40.8315882], [-73.8941137, 40.8316301], [-73.8941694, 40.8316455]]]}, "properties": {"osm_id": 920577944, "sport": "chess", "leisure": "pitch", "surface": "asphalt"}}, {"type": "Feature", "geometry": {"type": "Polygon", "coordinates": [[[-73.8939548, 40.8313031], [-73.8940037, 40.8312021], [-73.8939776, 40.8311945], [-73.8939568, 40.831195], [-73.8939327, 40.8312016], [-73.8939112, 40.8312133], [-73.8939011, 40.8312224], [-73.8938951, 40.8312361], [-73.8938931, 40.8312533], [-73.8938978, 40.8312696], [-73.8939139, 40.8312853], [-73.8939273, 40.8312944], [-73.8939548, 40.8313031]]]}, "properties": {"osm_id": 920577945, "sport": "basketball", "leisure": "pitch", "surface": "asphalt"}}, {"type": "Feature", "geometry": {"type": "Polygon", "coordinates": [[[-73.8940148, 40.8311813], [-73.8940638, 40.8310803], [-73.8940376, 40.8310727], [-73.8940168, 40.8310732], [-73.8939927, 40.8310798], [-73.8939712, 40.8310915], [-73.8939612, 40.8311006], [-73.8939551, 40.8311143], [-73.8939531, 40.8311316], [-73.8939578, 40.8311478], [-73.8939739, 40.8311635], [-73.8939873, 40.8311727], [-73.8940148, 40.8311813]]]}, "properties": {"osm_id": 920577946, "sport": "basketball", "leisure": "pitch", "surface": "asphalt"}}, {"type": "Feature", "geometry": {"type": "Polygon", "coordinates": [[[-73.8610096, 40.8691663], [-73.8610144, 40.8690033], [-73.8608933, 40.8690013], [-73.8608886, 40.8691643], [-73.8610096, 40.8691663]]]}, "properties": {"osm_id": 920580061, "leisure": "pitch", "surface": "asphalt"}}, {"type": "Feature", "geometry": {"type": "Polygon", "coordinates": [[[-73.8608516, 40.869166], [-73.8608563, 40.8689946], [-73.8608482, 40.8689778], [-73.8608308, 40.8689657], [-73.8607966, 40.8689596], [-73.8606518, 40.868956], [-73.8606303, 40.8689611], [-73.8606162, 40.8689712], [-73.8606102, 40.8689839], [-73.8606042, 40.8691594], [-73.8606102, 40.8691736], [-73.8606223, 40.8691847], [-73.8606431, 40.8691913], [-73.8608127, 40.8691944], [-73.8608355, 40.8691863], [-73.8608469, 40.8691771], [-73.8608516, 40.869166]]]}, "properties": {"osm_id": 920580062, "sport": "running", "leisure": "track", "surface": "asphalt"}}, {"type": "Feature", "geometry": {"type": "Polygon", "coordinates": [[[-73.8296514, 40.8453256], [-73.8296202, 40.8452768], [-73.8295907, 40.8452306], [-73.8293788, 40.845308], [-73.8294094, 40.8453559], [-73.8294395, 40.845403], [-73.8296514, 40.8453256]]]}, "properties": {"osm_id": 920580346, "sport": "basketball", "leisure": "pitch", "surface": "asphalt"}}, {"type": "Feature", "geometry": {"type": "Polygon", "coordinates": [[[-73.8295134, 40.8455171], [-73.8297251, 40.8454378], [-73.8296514, 40.8453256], [-73.8296202, 40.8452768], [-73.8294094, 40.8453559], [-73.8294395, 40.845403], [-73.8295134, 40.8455171]]]}, "properties": {"osm_id": 920580347, "sport": "baseball", "leisure": "pitch", "surface": "asphalt"}}, {"type": "Feature", "geometry": {"type": "Polygon", "coordinates": [[[-73.8198457, 40.8622948], [-73.8197146, 40.8623754], [-73.8199062, 40.8625536], [-73.8200372, 40.862473], [-73.8198457, 40.8622948]]]}, "properties": {"osm_id": 923073209, "sport": "basketball", "leisure": "pitch"}}, {"type": "Feature", "geometry": {"type": "Polygon", "coordinates": [[[-73.8197029, 40.8623811], [-73.8195718, 40.8624617], [-73.8197633, 40.8626398], [-73.8198944, 40.8625592], [-73.8197029, 40.8623811]]]}, "properties": {"osm_id": 923073211, "sport": "basketball", "leisure": "pitch"}}, {"type": "Feature", "geometry": {"type": "Polygon", "coordinates": [[[-73.8914453, 40.8502862], [-73.89125, 40.8502211], [-73.8911299, 40.8504272], [-73.8913252, 40.8504924], [-73.8914453, 40.8502862]]]}, "properties": {"osm_id": 923127299, "sport": "basketball", "leisure": "pitch"}}, {"type": "Feature", "geometry": {"type": "Polygon", "coordinates": [[[-73.8875615, 40.8497981], [-73.8873737, 40.8499386], [-73.8872642, 40.8498549], [-73.8874519, 40.8497144], [-73.8875615, 40.8497981]]]}, "properties": {"osm_id": 923127318, "sport": "basketball", "leisure": "pitch"}}, {"type": "Feature", "geometry": {"type": "Polygon", "coordinates": [[[-73.922604, 40.8156286], [-73.9224145, 40.8160407], [-73.9223523, 40.8160677], [-73.9216126, 40.8158812], [-73.9217016, 40.8156703], [-73.9222545, 40.8153788], [-73.922604, 40.8156286]]]}, "properties": {"osm_id": 923805677, "sport": "baseball", "leisure": "pitch"}}, {"type": "Feature", "geometry": {"type": "Polygon", "coordinates": [[[-73.9137144, 40.8157879], [-73.9135489, 40.8157323], [-73.9134248, 40.8159436], [-73.9135903, 40.8159993], [-73.9137144, 40.8157879]]]}, "properties": {"osm_id": 927170497, "sport": "basketball", "leisure": "pitch"}}, {"type": "Feature", "geometry": {"type": "Polygon", "coordinates": [[[-73.9115769, 40.815336], [-73.9115231, 40.8154936], [-73.9113631, 40.8154623], [-73.9114169, 40.8153047], [-73.9115769, 40.815336]]]}, "properties": {"osm_id": 927170505, "sport": "basketball", "leisure": "pitch"}}, {"type": "Feature", "geometry": {"type": "Polygon", "coordinates": [[[-73.8881899, 40.8228658], [-73.8879261, 40.8228788], [-73.887916, 40.8227609], [-73.8881798, 40.8227479], [-73.8881899, 40.8228658]]]}, "properties": {"osm_id": 927203005, "sport": "basketball", "leisure": "pitch"}}, {"type": "Feature", "geometry": {"type": "Polygon", "coordinates": [[[-73.8881838, 40.8226899], [-73.88792, 40.8227029], [-73.8879099, 40.822585], [-73.8881737, 40.8225721], [-73.8881838, 40.8226899]]]}, "properties": {"osm_id": 927203007, "sport": "basketball", "leisure": "pitch"}}, {"type": "Feature", "geometry": {"type": "Polygon", "coordinates": [[[-73.8924218, 40.8266591], [-73.8921648, 40.8266537], [-73.8921692, 40.8265339], [-73.8924262, 40.8265393], [-73.892424, 40.8265983], [-73.8924218, 40.8266591]]]}, "properties": {"osm_id": 927203009, "sport": "basketball", "leisure": "pitch"}}, {"type": "Feature", "geometry": {"type": "Polygon", "coordinates": [[[-73.8990887, 40.8271235], [-73.8987861, 40.8270532], [-73.89884, 40.8269203], [-73.8991426, 40.8269906], [-73.8990887, 40.8271235]]]}, "properties": {"osm_id": 927203011, "sport": "basketball", "leisure": "pitch"}}, {"type": "Feature", "geometry": {"type": "Polygon", "coordinates": [[[-73.8717054, 40.8212665], [-73.8715025, 40.8203362], [-73.8722982, 40.8202148], [-73.8725213, 40.8211515], [-73.8725125, 40.8211681], [-73.8717054, 40.8212665]]]}, "properties": {"osm_id": 932101183, "sport": "softball", "leisure": "pitch", "name": "James Burke Ballfield 2", "surface": "grass"}}, {"type": "Feature", "geometry": {"type": "Polygon", "coordinates": [[[-73.8717054, 40.8212665], [-73.8708886, 40.8213717], [-73.8706735, 40.8204426], [-73.8715025, 40.8203362], [-73.8717054, 40.8212665]]]}, "properties": {"osm_id": 932101184, "sport": "softball", "leisure": "pitch", "name": "James Burke Ballfield 1", "surface": "grass"}}, {"type": "Feature", "geometry": {"type": "Polygon", "coordinates": [[[-73.8539021, 40.805078], [-73.8540153, 40.8049588], [-73.8536756, 40.8047612], [-73.8535526, 40.8048838], [-73.8539021, 40.805078]]]}, "properties": {"osm_id": 933103336, "sport": "tennis", "leisure": "pitch"}}, {"type": "Feature", "geometry": {"type": "Polygon", "coordinates": [[[-73.8906248, 40.8506196], [-73.8904139, 40.8509633], [-73.8897979, 40.850747], [-73.8900089, 40.8504033], [-73.8906248, 40.8506196]]]}, "properties": {"osm_id": 952352162, "sport": "soccer", "leisure": "pitch"}}, {"type": "Feature", "geometry": {"type": "Polygon", "coordinates": [[[-73.8441475, 40.8530503], [-73.8441503, 40.8528827], [-73.8437153, 40.8528786], [-73.8437125, 40.8530462], [-73.8441475, 40.8530503]]]}, "properties": {"osm_id": 972138855, "sport": "tennis", "leisure": "pitch"}}, {"type": "Feature", "geometry": {"type": "Polygon", "coordinates": [[[-73.8445342, 40.8530329], [-73.8445351, 40.8528961], [-73.8441941, 40.8528948], [-73.8441932, 40.8530317], [-73.8445342, 40.8530329]]]}, "properties": {"osm_id": 972138856, "sport": "basketball", "leisure": "pitch"}}, {"type": "Feature", "geometry": {"type": "Polygon", "coordinates": [[[-73.9143375, 40.8986597], [-73.9144051, 40.8984527], [-73.91428, 40.8984294], [-73.9142123, 40.8986364], [-73.9143375, 40.8986597]]]}, "properties": {"osm_id": 984997986, "sport": "tennis", "leisure": "pitch"}}, {"type": "Feature", "geometry": {"type": "Polygon", "coordinates": [[[-73.9141654, 40.8986282], [-73.914233, 40.8984212], [-73.9141079, 40.8983979], [-73.9140402, 40.8986048], [-73.9141654, 40.8986282]]]}, "properties": {"osm_id": 984997987, "sport": "tennis", "leisure": "pitch"}}, {"type": "Feature", "geometry": {"type": "Polygon", "coordinates": [[[-73.9142732, 40.8983103], [-73.9143408, 40.8981033], [-73.9142157, 40.89808], [-73.914148, 40.898287], [-73.9142732, 40.8983103]]]}, "properties": {"osm_id": 984997988, "sport": "tennis", "leisure": "pitch"}}, {"type": "Feature", "geometry": {"type": "Polygon", "coordinates": [[[-73.9144411, 40.8983406], [-73.9145088, 40.8981336], [-73.9143837, 40.8981102], [-73.914316, 40.8983172], [-73.9144411, 40.8983406]]]}, "properties": {"osm_id": 984997989, "sport": "tennis", "leisure": "pitch"}}, {"type": "Feature", "geometry": {"type": "Polygon", "coordinates": [[[-73.9007815, 40.9005068], [-73.900788, 40.9004126], [-73.9005049, 40.9004014], [-73.9004984, 40.9004955], [-73.9007815, 40.9005068]]]}, "properties": {"osm_id": 984999585, "sport": "tennis", "leisure": "pitch"}}, {"type": "Feature", "geometry": {"type": "Polygon", "coordinates": [[[-73.9006118, 40.9000889], [-73.900444, 40.899921], [-73.9003485, 40.8999756], [-73.9005162, 40.9001435], [-73.9006118, 40.9000889]]]}, "properties": {"osm_id": 984999586, "sport": "tennis", "leisure": "pitch"}}, {"type": "Feature", "geometry": {"type": "Polygon", "coordinates": [[[-73.90076, 40.90001], [-73.9005923, 40.8998422], [-73.9004967, 40.8998967], [-73.9006644, 40.9000646], [-73.90076, 40.90001]]]}, "properties": {"osm_id": 984999587, "sport": "tennis", "leisure": "pitch"}}, {"type": "Feature", "geometry": {"type": "Polygon", "coordinates": [[[-73.8470616, 40.8852461], [-73.8467396, 40.8856921], [-73.8466611, 40.8857094], [-73.8464806, 40.8856462], [-73.8464352, 40.8855846], [-73.8467295, 40.88513], [-73.84682, 40.8850836], [-73.8470312, 40.8851424], [-73.8470616, 40.8852461]]]}, "properties": {"osm_id": 986060767, "leisure": "track"}}, {"type": "Feature", "geometry": {"type": "Polygon", "coordinates": [[[-73.7981764, 40.8079179], [-73.7970354, 40.8074411], [-73.7973162, 40.8070562], [-73.7984572, 40.8075329], [-73.7981764, 40.8079179]]]}, "properties": {"osm_id": 986439183, "sport": "american_football", "leisure": "pitch", "name": "Reinhart Field"}}, {"type": "Feature", "geometry": {"type": "Polygon", "coordinates": [[[-73.876632, 40.8778766], [-73.8770226, 40.8781545], [-73.8770092, 40.8781653], [-73.8766185, 40.8778874], [-73.876632, 40.8778766]]]}, "properties": {"osm_id": 986681706, "leisure": "track"}}, {"type": "Feature", "geometry": {"type": "Polygon", "coordinates": [[[-73.8293534, 40.8729887], [-73.8293064, 40.872971], [-73.8282898, 40.8732142], [-73.8283625, 40.8733953], [-73.8284729, 40.8735604], [-73.828661, 40.8737075], [-73.828815, 40.8737869], [-73.829039, 40.8738292], [-73.8292875, 40.8738557], [-73.8295115, 40.8738345], [-73.8296865, 40.8737948], [-73.8293534, 40.8729887]]]}, "properties": {"osm_id": 989764996, "sport": "baseball", "leisure": "pitch"}}, {"type": "Feature", "geometry": {"type": "Polygon", "coordinates": [[[-73.8335792, 40.8293214], [-73.8328592, 40.828695], [-73.8334205, 40.8283255], [-73.8341407, 40.8289518], [-73.8335792, 40.8293214]]]}, "properties": {"osm_id": 994178289, "sport": "soccer", "leisure": "pitch"}}, {"type": "Feature", "geometry": {"type": "Polygon", "coordinates": [[[-73.9252926, 40.8053369], [-73.9250586, 40.805238], [-73.924837, 40.8055381], [-73.925071, 40.8056371], [-73.9252926, 40.8053369]]]}, "properties": {"osm_id": 995409352, "sport": "soccer", "leisure": "pitch", "surface": "asphalt"}}, {"type": "Feature", "geometry": {"type": "Polygon", "coordinates": [[[-73.9249216, 40.8052297], [-73.9247614, 40.8051624], [-73.9245957, 40.8053885], [-73.9247559, 40.8054557], [-73.9249216, 40.8052297]]]}, "properties": {"osm_id": 995409358, "sport": "basketball", "leisure": "pitch", "surface": "asphalt"}}, {"type": "Feature", "geometry": {"type": "Polygon", "coordinates": [[[-73.9247355, 40.805111], [-73.9245126, 40.8050142], [-73.9244323, 40.8051201], [-73.9246552, 40.8052169], [-73.9247355, 40.805111]]]}, "properties": {"osm_id": 995409359, "sport": "basketball", "leisure": "pitch", "surface": "asphalt"}}, {"type": "Feature", "geometry": {"type": "Polygon", "coordinates": [[[-73.9224548, 40.8156894], [-73.9219937, 40.8159355], [-73.9217789, 40.8157049], [-73.92224, 40.8154588], [-73.9224548, 40.8156894]]]}, "properties": {"osm_id": 1001787579, "sport": "soccer", "leisure": "pitch", "surface": "artificial_turf"}}, {"type": "Feature", "geometry": {"type": "Polygon", "coordinates": [[[-73.8400596, 40.8480861], [-73.840081, 40.8478898], [-73.8399298, 40.8478803], [-73.8399083, 40.8480766], [-73.8400596, 40.8480861]]]}, "properties": {"osm_id": 1002186388, "sport": "basketball", "leisure": "pitch"}}, {"type": "Feature", "geometry": {"type": "Polygon", "coordinates": [[[-73.8739842, 40.7898425], [-73.8739656, 40.7899315], [-73.8738456, 40.7899157], [-73.8738601, 40.7898277], [-73.8739842, 40.7898425]]]}, "properties": {"osm_id": 1002490703, "sport": "basketball", "leisure": "pitch"}}, {"type": "Feature", "geometry": {"type": "Polygon", "coordinates": [[[-73.8741808, 40.7898597], [-73.874103, 40.7898514], [-73.8740918, 40.7899098], [-73.8741682, 40.7899182], [-73.8741808, 40.7898597]]]}, "properties": {"osm_id": 1002490888, "sport": "basketball", "leisure": "pitch"}}, {"type": "Feature", "geometry": {"type": "Polygon", "coordinates": [[[-73.8761849, 40.7907181], [-73.8761339, 40.7907786], [-73.876039, 40.7907298], [-73.8760887, 40.7906672], [-73.8761849, 40.7907181]]]}, "properties": {"osm_id": 1002490973, "sport": "basketball", "leisure": "pitch"}}, {"type": "Feature", "geometry": {"type": "Polygon", "coordinates": [[[-73.8976759, 40.8886842], [-73.8970606, 40.8885105], [-73.897516, 40.8875883], [-73.8981314, 40.887762], [-73.8976759, 40.8886842]]]}, "properties": {"osm_id": 1002709718, "sport": "soccer", "leisure": "pitch"}}, {"type": "Feature", "geometry": {"type": "Polygon", "coordinates": [[[-73.8657017, 40.8747339], [-73.8655518, 40.874716], [-73.8655908, 40.8745292], [-73.8657407, 40.8745471], [-73.8657017, 40.8747339]]]}, "properties": {"osm_id": 1008864663, "sport": "basketball", "leisure": "pitch"}}, {"type": "Feature", "geometry": {"type": "Polygon", "coordinates": [[[-73.8627816, 40.8747496], [-73.8635911, 40.8748501], [-73.8634589, 40.8754582], [-73.8633693, 40.8754929], [-73.8630686, 40.87603], [-73.863014, 40.8760175], [-73.86294, 40.8761281], [-73.8623118, 40.875939], [-73.8626771, 40.8752636], [-73.8627816, 40.8747496]]]}, "properties": {"osm_id": 1008864665, "leisure": "pitch"}}, {"type": "Feature", "geometry": {"type": "Polygon", "coordinates": [[[-73.8658241, 40.8747778], [-73.8655426, 40.8747452], [-73.8655174, 40.8748697], [-73.8657989, 40.8749023], [-73.8658241, 40.8747778]]]}, "properties": {"osm_id": 1008864669, "sport": "basketball", "leisure": "pitch"}}, {"type": "Feature", "geometry": {"type": "Polygon", "coordinates": [[[-73.9246677, 40.8309575], [-73.9243839, 40.8308631], [-73.9240982, 40.8313545], [-73.9243822, 40.831449], [-73.9246677, 40.8309575]]]}, "properties": {"osm_id": 1009209329, "sport": "skateboard", "leisure": "pitch", "name": "Mullaly Skate Park"}}, {"type": "Feature", "geometry": {"type": "Polygon", "coordinates": [[[-73.8531509, 40.8699114], [-73.8528292, 40.8698813], [-73.8528485, 40.8697632], [-73.8531702, 40.8697933], [-73.8531509, 40.8699114]]]}, "properties": {"osm_id": 1009324604, "sport": "basketball", "leisure": "pitch"}}, {"type": "Feature", "geometry": {"type": "Polygon", "coordinates": [[[-73.8530668, 40.8699167], [-73.8528395, 40.8698972], [-73.8528223, 40.8700121], [-73.8530495, 40.8700316], [-73.8530668, 40.8699167]]]}, "properties": {"osm_id": 1009324605, "sport": "basketball", "leisure": "pitch"}}, {"type": "Feature", "geometry": {"type": "Polygon", "coordinates": [[[-73.8418631, 40.8854983], [-73.8413088, 40.885636], [-73.8408983, 40.8846914], [-73.8414525, 40.8845537], [-73.8418631, 40.8854983]]]}, "properties": {"osm_id": 1009641177, "sport": "american_football", "leisure": "pitch"}}, {"type": "Feature", "geometry": {"type": "Polygon", "coordinates": [[[-73.8399029, 40.8854705], [-73.8397772, 40.8854817], [-73.8397445, 40.8852722], [-73.8398702, 40.885261], [-73.8399029, 40.8854705]]]}, "properties": {"osm_id": 1009641178, "sport": "tennis", "leisure": "pitch"}}, {"type": "Feature", "geometry": {"type": "Polygon", "coordinates": [[[-73.8398547, 40.8858688], [-73.8398333, 40.8857451], [-73.8395752, 40.8857705], [-73.8395966, 40.8858943], [-73.8398547, 40.8858688]]]}, "properties": {"osm_id": 1009641179, "sport": "basketball", "leisure": "pitch"}}, {"type": "Feature", "geometry": {"type": "Polygon", "coordinates": [[[-73.8444377, 40.8848774], [-73.8441552, 40.8850758], [-73.8440096, 40.8849558], [-73.8442864, 40.8847543], [-73.8444377, 40.8848774]]]}, "properties": {"osm_id": 1009641180, "sport": "baseball", "leisure": "pitch"}}, {"type": "Feature", "geometry": {"type": "Polygon", "coordinates": [[[-73.8789254, 40.7902616], [-73.8789904, 40.790294], [-73.8789346, 40.7903581], [-73.8788697, 40.7903257], [-73.8789254, 40.7902616]]]}, "properties": {"osm_id": 1010370213, "sport": "basketball", "leisure": "pitch"}}, {"type": "Feature", "geometry": {"type": "Polygon", "coordinates": [[[-73.8786307, 40.7907135], [-73.8785544, 40.7906654], [-73.8786131, 40.7906121], [-73.8786893, 40.7906602], [-73.8786307, 40.7907135]]]}, "properties": {"osm_id": 1010370577, "sport": "basketball", "leisure": "pitch"}}, {"type": "Feature", "geometry": {"type": "Polygon", "coordinates": [[[-73.8784715, 40.7907511], [-73.8785415, 40.790783], [-73.8784991, 40.7908363], [-73.878429, 40.7908044], [-73.8784715, 40.7907511]]]}, "properties": {"osm_id": 1010370819, "sport": "basketball", "leisure": "pitch"}}, {"type": "Feature", "geometry": {"type": "Polygon", "coordinates": [[[-73.8897056, 40.7953812], [-73.8895242, 40.795381], [-73.8895246, 40.7951263], [-73.889706, 40.7951265], [-73.8897056, 40.7953812]]]}, "properties": {"osm_id": 1010370894, "sport": "basketball", "leisure": "pitch"}}, {"type": "Feature", "geometry": {"type": "Polygon", "coordinates": [[[-73.906391, 40.8878402], [-73.9060053, 40.8887841], [-73.9065582, 40.8889132], [-73.9069441, 40.8879694], [-73.906391, 40.8878402]]]}, "properties": {"osm_id": 1018826508, "sport": "american_football", "leisure": "pitch"}}, {"type": "Feature", "geometry": {"type": "Polygon", "coordinates": [[[-73.9008108, 40.826367], [-73.9005067, 40.8262967], [-73.900578, 40.8261264], [-73.900878, 40.8262017], [-73.9008108, 40.826367]]]}, "properties": {"osm_id": 1033389344, "sport": "american_handball", "leisure": "pitch"}}, {"type": "Feature", "geometry": {"type": "Polygon", "coordinates": [[[-73.8896484, 40.8321386], [-73.889581, 40.8322488], [-73.8892863, 40.8321456], [-73.8893538, 40.8320354], [-73.8896484, 40.8321386]]]}, "properties": {"osm_id": 1047707559, "sport": "basketball", "leisure": "pitch"}}, {"type": "Feature", "geometry": {"type": "Polygon", "coordinates": [[[-73.878428, 40.7905948], [-73.8783429, 40.7905525], [-73.8783937, 40.790494], [-73.8784788, 40.7905363], [-73.878428, 40.7905948]]]}, "properties": {"osm_id": 1054021326, "sport": "basketball", "leisure": "pitch"}}, {"type": "Feature", "geometry": {"type": "Polygon", "coordinates": [[[-73.876409, 40.7906418], [-73.8764812, 40.7906825], [-73.8764251, 40.7907395], [-73.8763529, 40.7906989], [-73.876409, 40.7906418]]]}, "properties": {"osm_id": 1054021500, "sport": "basketball", "leisure": "pitch"}}, {"type": "Feature", "geometry": {"type": "Polygon", "coordinates": [[[-73.8763263, 40.7905604], [-73.8762763, 40.7906139], [-73.8762589, 40.7906173], [-73.8761602, 40.7905702], [-73.8762018, 40.7905204], [-73.876245, 40.7905168], [-73.8763263, 40.7905604]]]}, "properties": {"osm_id": 1054021673, "sport": "basketball", "leisure": "pitch"}}, {"type": "Feature", "geometry": {"type": "Polygon", "coordinates": [[[-73.8991243, 40.8385792], [-73.8989993, 40.8388078], [-73.8988798, 40.8387705], [-73.8990048, 40.8385418], [-73.8991243, 40.8385792]]]}, "properties": {"osm_id": 1058036075, "sport": "american_handball", "leisure": "pitch"}}, {"type": "Feature", "geometry": {"type": "Polygon", "coordinates": [[[-73.8990965, 40.8388876], [-73.8989816, 40.8388514], [-73.8991067, 40.8386243], [-73.8992216, 40.8386606], [-73.8990965, 40.8388876]]]}, "properties": {"osm_id": 1058036076, "sport": "basketball", "leisure": "pitch"}}, {"type": "Feature", "geometry": {"type": "Polygon", "coordinates": [[[-73.8992482, 40.8385566], [-73.8990922, 40.8385081], [-73.8991951, 40.8383182], [-73.8993511, 40.8383666], [-73.8992482, 40.8385566]]]}, "properties": {"osm_id": 1058036077, "sport": "basketball", "leisure": "pitch"}}, {"type": "Feature", "geometry": {"type": "Polygon", "coordinates": [[[-73.8924771, 40.8410431], [-73.891894, 40.8406957], [-73.8926485, 40.8399424], [-73.8932169, 40.8402857], [-73.8924771, 40.8410431]]]}, "properties": {"osm_id": 1058036088, "sport": "soccer", "leisure": "pitch"}}, {"type": "Feature", "geometry": {"type": "Polygon", "coordinates": [[[-73.8908946, 40.8379287], [-73.8905694, 40.8379223], [-73.8905743, 40.8377798], [-73.8908996, 40.8377862], [-73.8908946, 40.8379287]]]}, "properties": {"osm_id": 1058036094, "sport": "basketball", "leisure": "pitch"}}, {"type": "Feature", "geometry": {"type": "Polygon", "coordinates": [[[-73.8909057, 40.8377595], [-73.8905804, 40.8377531], [-73.8905854, 40.8376106], [-73.8909106, 40.837617], [-73.8909057, 40.8377595]]]}, "properties": {"osm_id": 1058036095, "sport": "basketball", "leisure": "pitch"}}, {"type": "Feature", "geometry": {"type": "Polygon", "coordinates": [[[-73.8909039, 40.838122], [-73.8904607, 40.8381151], [-73.8904651, 40.8379513], [-73.8909083, 40.8379581], [-73.8909039, 40.838122]]]}, "properties": {"osm_id": 1058036096, "sport": "american_handball", "leisure": "pitch"}}, {"type": "Feature", "geometry": {"type": "Polygon", "coordinates": [[[-73.8908999, 40.8382944], [-73.8904567, 40.8382876], [-73.8904611, 40.8381238], [-73.8909043, 40.8381306], [-73.8908999, 40.8382944]]]}, "properties": {"osm_id": 1058036097, "sport": "american_handball", "leisure": "pitch"}}, {"type": "Feature", "geometry": {"type": "Polygon", "coordinates": [[[-73.8951623, 40.8400125], [-73.8950384, 40.8399696], [-73.8951592, 40.8397697], [-73.8952832, 40.8398126], [-73.8951623, 40.8400125]]]}, "properties": {"osm_id": 1058036107, "sport": "tennis", "leisure": "pitch"}}, {"type": "Feature", "geometry": {"type": "Polygon", "coordinates": [[[-73.8950068, 40.8399577], [-73.8948828, 40.8399148], [-73.8950037, 40.8397149], [-73.8951276, 40.8397578], [-73.8950068, 40.8399577]]]}, "properties": {"osm_id": 1058036108, "sport": "tennis", "leisure": "pitch"}}, {"type": "Feature", "geometry": {"type": "Polygon", "coordinates": [[[-73.8948539, 40.8399039], [-73.8947299, 40.839861], [-73.8948508, 40.8396611], [-73.8949747, 40.839704], [-73.8948539, 40.8399039]]]}, "properties": {"osm_id": 1058036109, "sport": "tennis", "leisure": "pitch"}}, {"type": "Feature", "geometry": {"type": "Polygon", "coordinates": [[[-73.8947023, 40.8398511], [-73.8945784, 40.8398082], [-73.8946992, 40.8396084], [-73.8948232, 40.8396513], [-73.8947023, 40.8398511]]]}, "properties": {"osm_id": 1058036110, "sport": "tennis", "leisure": "pitch"}}, {"type": "Feature", "geometry": {"type": "Polygon", "coordinates": [[[-73.8945521, 40.8397984], [-73.8944282, 40.8397555], [-73.894549, 40.8395556], [-73.894673, 40.8395985], [-73.8945521, 40.8397984]]]}, "properties": {"osm_id": 1058036111, "sport": "tennis", "leisure": "pitch"}}, {"type": "Feature", "geometry": {"type": "Polygon", "coordinates": [[[-73.8947701, 40.8394326], [-73.8946461, 40.8393897], [-73.8947669, 40.8391899], [-73.8948909, 40.8392328], [-73.8947701, 40.8394326]]]}, "properties": {"osm_id": 1058036112, "sport": "tennis", "leisure": "pitch"}}, {"type": "Feature", "geometry": {"type": "Polygon", "coordinates": [[[-73.8949203, 40.8394854], [-73.8947963, 40.8394425], [-73.8949172, 40.8392426], [-73.8950411, 40.8392855], [-73.8949203, 40.8394854]]]}, "properties": {"osm_id": 1058036113, "sport": "tennis", "leisure": "pitch"}}, {"type": "Feature", "geometry": {"type": "Polygon", "coordinates": [[[-73.8950718, 40.8395381], [-73.8949478, 40.8394952], [-73.8950687, 40.8392954], [-73.8951927, 40.8393383], [-73.8950718, 40.8395381]]]}, "properties": {"osm_id": 1058036114, "sport": "tennis", "leisure": "pitch"}}, {"type": "Feature", "geometry": {"type": "Polygon", "coordinates": [[[-73.8952247, 40.8395919], [-73.8951007, 40.839549], [-73.8952216, 40.8393491], [-73.8953456, 40.8393921], [-73.8952247, 40.8395919]]]}, "properties": {"osm_id": 1058036115, "sport": "tennis", "leisure": "pitch"}}, {"type": "Feature", "geometry": {"type": "Polygon", "coordinates": [[[-73.8953803, 40.8396467], [-73.8952563, 40.8396038], [-73.8953772, 40.8394039], [-73.8955011, 40.8394468], [-73.8953803, 40.8396467]]]}, "properties": {"osm_id": 1058036116, "sport": "tennis", "leisure": "pitch"}}, {"type": "Feature", "geometry": {"type": "Polygon", "coordinates": [[[-73.895066, 40.8391247], [-73.894849, 40.8390494], [-73.8950448, 40.8387219], [-73.8952631, 40.8387975], [-73.895066, 40.8391247]]]}, "properties": {"osm_id": 1058036117, "sport": "tennis", "leisure": "pitch", "name": "Stadium Court 2", "surface": "acrylic"}}, {"type": "Feature", "geometry": {"type": "Polygon", "coordinates": [[[-73.8953743, 40.8392298], [-73.8951554, 40.8391561], [-73.895351, 40.8388294], [-73.8955669, 40.8389056], [-73.8953743, 40.8392298]]]}, "properties": {"osm_id": 1058036118, "sport": "tennis", "leisure": "pitch", "name": "Stadium Court 1", "surface": "acrylic"}}, {"type": "Feature", "geometry": {"type": "Polygon", "coordinates": [[[-73.882009, 40.8342735], [-73.8816817, 40.8341142], [-73.8818172, 40.8339519], [-73.8821471, 40.8341061], [-73.882009, 40.8342735]]]}, "properties": {"osm_id": 1080416081, "sport": "basketball", "leisure": "pitch"}}, {"type": "Feature", "geometry": {"type": "Polygon", "coordinates": [[[-73.886632, 40.8317174], [-73.8866291, 40.8317095], [-73.8866223, 40.8317049], [-73.8865257, 40.831671], [-73.8863897, 40.8316242], [-73.8862039, 40.8315582], [-73.8861796, 40.8315619], [-73.8861687, 40.8315702], [-73.8860789, 40.8317281], [-73.8860825, 40.8317392], [-73.8860922, 40.8317456], [-73.8865085, 40.8318888], [-73.8865219, 40.8318907], [-73.8865328, 40.8318879], [-73.886632, 40.8317174]]]}, "properties": {"osm_id": 1080421294, "sport": "running", "leisure": "track"}}, {"type": "Feature", "geometry": {"type": "Polygon", "coordinates": [[[-73.8862417, 40.8317807], [-73.8860985, 40.8317331], [-73.8861866, 40.8315813], [-73.8863298, 40.8316288], [-73.8862417, 40.8317807]]]}, "properties": {"osm_id": 1080421296, "sport": "basketball", "leisure": "pitch"}}, {"type": "Feature", "geometry": {"type": "Polygon", "coordinates": [[[-73.886521, 40.8318828], [-73.8860936, 40.8317368], [-73.8861853, 40.8315699], [-73.8866162, 40.8317164], [-73.886521, 40.8318828]]]}, "properties": {"osm_id": 1080421297, "sport": "soccer", "leisure": "pitch"}}, {"type": "Feature", "geometry": {"type": "Polygon", "coordinates": [[[-73.9036796, 40.8332275], [-73.9034866, 40.8331564], [-73.9035721, 40.8330236], [-73.903765, 40.8330946], [-73.9036796, 40.8332275]]]}, "properties": {"osm_id": 1082351762, "sport": "baseball", "leisure": "pitch"}}, {"type": "Feature", "geometry": {"type": "Polygon", "coordinates": [[[-73.9035013, 40.8334861], [-73.9033214, 40.8334167], [-73.9034778, 40.8331845], [-73.9036577, 40.8332539], [-73.9035013, 40.8334861]]]}, "properties": {"osm_id": 1082351763, "sport": "baseball", "leisure": "pitch"}}, {"type": "Feature", "geometry": {"type": "Polygon", "coordinates": [[[-73.9034551, 40.8331853], [-73.9033389, 40.8331409], [-73.9033248, 40.8331621], [-73.903176, 40.8333815], [-73.9032901, 40.8334234], [-73.9034551, 40.8331853]]]}, "properties": {"osm_id": 1082351764, "sport": "american_handball", "leisure": "pitch"}}, {"type": "Feature", "geometry": {"type": "Polygon", "coordinates": [[[-73.9004669, 40.8347403], [-73.9002409, 40.8346535], [-73.9002436, 40.8346231], [-73.9002496, 40.8345931], [-73.9002583, 40.8345642], [-73.9002791, 40.8345394], [-73.90031, 40.834517], [-73.9003381, 40.8345008], [-73.9004025, 40.8344891], [-73.9004615, 40.8344922], [-73.9005205, 40.8345064], [-73.900552, 40.8345267], [-73.9005755, 40.834552], [-73.9005909, 40.8345662], [-73.9004669, 40.8347403]]]}, "properties": {"osm_id": 1082355696, "sport": "baseball", "leisure": "pitch"}}, {"type": "Feature", "geometry": {"type": "Polygon", "coordinates": [[[-73.900096, 40.8345561], [-73.9000297, 40.8346489], [-73.9000525, 40.8346586], [-73.9000846, 40.8346616], [-73.9001095, 40.8346581], [-73.9001309, 40.8346484], [-73.900143, 40.8346347], [-73.900149, 40.834616], [-73.9001457, 40.8345967], [-73.9001343, 40.8345805], [-73.9001162, 40.8345662], [-73.900096, 40.8345561]]]}, "properties": {"osm_id": 1082355697, "sport": "basketball", "leisure": "pitch"}}, {"type": "Feature", "geometry": {"type": "Polygon", "coordinates": [[[-73.9001792, 40.8344384], [-73.9001128, 40.8345312], [-73.9001356, 40.8345409], [-73.9001678, 40.8345439], [-73.9001926, 40.8345404], [-73.9002141, 40.8345307], [-73.9002261, 40.834517], [-73.9002322, 40.8344983], [-73.9002288, 40.834479], [-73.9002174, 40.8344628], [-73.9001993, 40.8344485], [-73.9001792, 40.8344384]]]}, "properties": {"osm_id": 1082355698, "sport": "basketball", "leisure": "pitch"}}, {"type": "Feature", "geometry": {"type": "Polygon", "coordinates": [[[-73.9002536, 40.8343177], [-73.9001872, 40.8344105], [-73.90021, 40.8344201], [-73.9002422, 40.8344232], [-73.900267, 40.8344196], [-73.9002885, 40.83441], [-73.9003006, 40.8343963], [-73.9003066, 40.8343775], [-73.9003032, 40.8343582], [-73.9002918, 40.834342], [-73.9002737, 40.8343278], [-73.9002536, 40.8343177]]]}, "properties": {"osm_id": 1082355699, "sport": "basketball", "leisure": "pitch"}}, {"type": "Feature", "geometry": {"type": "Polygon", "coordinates": [[[-73.904606, 40.8351018], [-73.9044607, 40.8350563], [-73.9045352, 40.8349201], [-73.9046806, 40.8349656], [-73.904606, 40.8351018]]]}, "properties": {"osm_id": 1087619196, "sport": "basketball", "leisure": "pitch"}}, {"type": "Feature", "geometry": {"type": "Polygon", "coordinates": [[[-73.894007, 40.8557367], [-73.8938713, 40.8556818], [-73.8937346, 40.855875], [-73.8938704, 40.8559299], [-73.894007, 40.8557367]]]}, "properties": {"osm_id": 1087619198, "sport": "basketball", "leisure": "pitch"}}, {"type": "Feature", "geometry": {"type": "Polygon", "coordinates": [[[-73.8950366, 40.8536104], [-73.8949004, 40.853568], [-73.8949992, 40.8533861], [-73.8951354, 40.8534285], [-73.8950366, 40.8536104]]]}, "properties": {"osm_id": 1087619201, "sport": "basketball", "leisure": "pitch"}}, {"type": "Feature", "geometry": {"type": "Polygon", "coordinates": [[[-73.8113888, 40.8211182], [-73.8108778, 40.8213138], [-73.8108232, 40.821312], [-73.8107734, 40.8212973], [-73.8107407, 40.8212799], [-73.810697, 40.8212147], [-73.8106982, 40.8211843], [-73.8107103, 40.8211522], [-73.8107491, 40.8211127], [-73.8112443, 40.820918], [-73.8112941, 40.8209125], [-73.8113511, 40.8209226], [-73.8114009, 40.8209538], [-73.8114458, 40.8210355], [-73.8114349, 40.8210649], [-73.8114167, 40.8210916], [-73.8113888, 40.8211182]]]}, "properties": {"osm_id": 1093168751, "sport": "running", "leisure": "track"}}, {"type": "Feature", "geometry": {"type": "Polygon", "coordinates": [[[-73.925088, 40.8082489], [-73.9248869, 40.8081655], [-73.9248445, 40.8081237], [-73.9248407, 40.8080872], [-73.9249246, 40.8079696], [-73.9249658, 40.8079417], [-73.925041, 40.8079344], [-73.9252787, 40.8080477], [-73.9253015, 40.8080802], [-73.9252938, 40.8081228], [-73.9252179, 40.8082332], [-73.9251807, 40.8082506], [-73.9251414, 40.8082573], [-73.925088, 40.8082489]]]}, "properties": {"osm_id": 1095614042, "sport": "running", "leisure": "track"}}, {"type": "Feature", "geometry": {"type": "Polygon", "coordinates": [[[-73.92439, 40.8094044], [-73.9242918, 40.8095351], [-73.9245517, 40.8096469], [-73.9246499, 40.8095162], [-73.92439, 40.8094044]]]}, "properties": {"osm_id": 1095614046, "sport": "basketball", "leisure": "pitch"}}, {"type": "Feature", "geometry": {"type": "Polygon", "coordinates": [[[-73.9211622, 40.8136429], [-73.9209221, 40.8135444], [-73.9209976, 40.813439], [-73.9212377, 40.8135376], [-73.9211622, 40.8136429]]]}, "properties": {"osm_id": 1095614055, "sport": "basketball", "leisure": "pitch"}}, {"type": "Feature", "geometry": {"type": "Polygon", "coordinates": [[[-73.9210814, 40.8137556], [-73.9208413, 40.813657], [-73.9209168, 40.8135517], [-73.9211569, 40.8136502], [-73.9210814, 40.8137556]]]}, "properties": {"osm_id": 1095614058, "sport": "basketball", "leisure": "pitch"}}, {"type": "Feature", "geometry": {"type": "Polygon", "coordinates": [[[-73.9182873, 40.8238117], [-73.9181693, 40.8237048], [-73.9183865, 40.8235675], [-73.9185045, 40.8236743], [-73.9182873, 40.8238117]]]}, "properties": {"osm_id": 1095694076, "sport": "basketball", "leisure": "pitch"}}, {"type": "Feature", "geometry": {"type": "Polygon", "coordinates": [[[-73.8088576, 40.8153336], [-73.8088349, 40.8152845], [-73.8088761, 40.8152736], [-73.8088988, 40.8153227], [-73.8088576, 40.8153336]]]}, "properties": {"osm_id": 1098153357, "sport": "basketball", "leisure": "pitch"}}, {"type": "Feature", "geometry": {"type": "Polygon", "coordinates": [[[-73.809057, 40.8152738], [-73.8089916, 40.8152916], [-73.8089377, 40.815178], [-73.8090031, 40.8151602], [-73.809057, 40.8152738]]]}, "properties": {"osm_id": 1098153358, "sport": "badminton", "leisure": "pitch", "surface": "asphalt"}}, {"type": "Feature", "geometry": {"type": "Polygon", "coordinates": [[[-73.9083775, 40.8377111], [-73.9082356, 40.8376571], [-73.9080988, 40.8378627], [-73.9082406, 40.8379168], [-73.9083775, 40.8377111]]]}, "properties": {"osm_id": 1103666524, "sport": "basketball", "leisure": "pitch"}}, {"type": "Feature", "geometry": {"type": "Polygon", "coordinates": [[[-73.9040209, 40.8485603], [-73.9039077, 40.8485397], [-73.9039554, 40.8483899], [-73.9040686, 40.8484105], [-73.9040209, 40.8485603]]]}, "properties": {"osm_id": 1103666526, "sport": "basketball", "leisure": "pitch"}}, {"type": "Feature", "geometry": {"type": "Polygon", "coordinates": [[[-73.9041443, 40.8485829], [-73.9040311, 40.8485622], [-73.9040787, 40.8484124], [-73.904192, 40.848433], [-73.9041443, 40.8485829]]]}, "properties": {"osm_id": 1103666529, "sport": "basketball", "leisure": "pitch"}}, {"type": "Feature", "geometry": {"type": "Polygon", "coordinates": [[[-73.909433, 40.8131151], [-73.9095113, 40.8128937], [-73.9093684, 40.8128648], [-73.9092901, 40.8130862], [-73.909433, 40.8131151]]]}, "properties": {"osm_id": 1106695991, "sport": "basketball", "leisure": "pitch"}}, {"type": "Feature", "geometry": {"type": "Polygon", "coordinates": [[[-73.897149, 40.8660329], [-73.8972852, 40.8658521], [-73.8974412, 40.8659192], [-73.8973049, 40.8661001], [-73.897149, 40.8660329]]]}, "properties": {"osm_id": 1106855518, "sport": "basketball", "leisure": "pitch", "name": "1"}}, {"type": "Feature", "geometry": {"type": "Polygon", "coordinates": [[[-73.8969748, 40.8659569], [-73.897111, 40.865776], [-73.897267, 40.8658432], [-73.8971308, 40.866024], [-73.8969748, 40.8659569]]]}, "properties": {"osm_id": 1106855519, "sport": "basketball", "leisure": "pitch", "name": "2"}}, {"type": "Feature", "geometry": {"type": "Polygon", "coordinates": [[[-73.8970028, 40.865717], [-73.8969373, 40.8656886], [-73.8968624, 40.8657871], [-73.8969279, 40.8658154], [-73.8970028, 40.865717]]]}, "properties": {"osm_id": 1106855520, "sport": "american_handball", "leisure": "pitch", "name": "5"}}, {"type": "Feature", "geometry": {"type": "Polygon", "coordinates": [[[-73.8969279, 40.8658154], [-73.8968624, 40.8657871], [-73.8967883, 40.8658845], [-73.8968538, 40.8659129], [-73.8969279, 40.8658154]]]}, "properties": {"osm_id": 1106855521, "sport": "american_handball", "leisure": "pitch", "name": "2"}}, {"type": "Feature", "geometry": {"type": "Polygon", "coordinates": [[[-73.8970095, 40.8658507], [-73.896944, 40.8658223], [-73.8968693, 40.8659206], [-73.8969348, 40.865949], [-73.8970095, 40.8658507]]]}, "properties": {"osm_id": 1106855522, "sport": "american_handball", "leisure": "pitch", "name": "1"}}, {"type": "Feature", "geometry": {"type": "Polygon", "coordinates": [[[-73.8970838, 40.8657531], [-73.8970184, 40.8657246], [-73.896944, 40.8658223], [-73.8970095, 40.8658507], [-73.8970838, 40.8657531]]]}, "properties": {"osm_id": 1106855523, "sport": "american_handball", "leisure": "pitch", "name": "4"}}, {"type": "Feature", "geometry": {"type": "Polygon", "coordinates": [[[-73.8968454, 40.8657798], [-73.8967799, 40.8657514], [-73.896705, 40.86585], [-73.8967704, 40.8658784], [-73.8968454, 40.8657798]]]}, "properties": {"osm_id": 1106855524, "sport": "american_handball", "leisure": "pitch", "name": "3"}}, {"type": "Feature", "geometry": {"type": "Polygon", "coordinates": [[[-73.8969194, 40.8656825], [-73.896854, 40.8656541], [-73.8967799, 40.8657514], [-73.8968454, 40.8657798], [-73.8969194, 40.8656825]]]}, "properties": {"osm_id": 1106855525, "sport": "american_handball", "leisure": "pitch", "name": "6"}}, {"type": "Feature", "geometry": {"type": "Polygon", "coordinates": [[[-73.8976772, 40.8656103], [-73.8974579, 40.8658997], [-73.8968505, 40.8656385], [-73.8970674, 40.8653509], [-73.8976772, 40.8656103]]]}, "properties": {"osm_id": 1106855527, "sport": "soccer", "leisure": "pitch", "name": "1"}}, {"type": "Feature", "geometry": {"type": "Polygon", "coordinates": [[[-73.8977031, 40.86531], [-73.8978187, 40.8653599], [-73.8976773, 40.8655475], [-73.8975617, 40.8654977], [-73.8977031, 40.86531]]]}, "properties": {"osm_id": 1106855528, "sport": "tennis", "leisure": "pitch", "surface": "paved"}}, {"type": "Feature", "geometry": {"type": "Polygon", "coordinates": [[[-73.8975604, 40.8652487], [-73.897676, 40.8652985], [-73.8975346, 40.8654861], [-73.897419, 40.8654363], [-73.8975604, 40.8652487]]]}, "properties": {"osm_id": 1106855529, "sport": "tennis", "leisure": "pitch", "surface": "paved"}}, {"type": "Feature", "geometry": {"type": "Polygon", "coordinates": [[[-73.8974213, 40.8651875], [-73.8975369, 40.8652373], [-73.8973955, 40.8654249], [-73.8972799, 40.8653751], [-73.8974213, 40.8651875]]]}, "properties": {"osm_id": 1106855530, "sport": "tennis", "leisure": "pitch", "surface": "paved"}}, {"type": "Feature", "geometry": {"type": "Polygon", "coordinates": [[[-73.8972775, 40.8651258], [-73.8973932, 40.8651756], [-73.8972518, 40.8653633], [-73.8971362, 40.8653134], [-73.8972775, 40.8651258]]]}, "properties": {"osm_id": 1106855531, "sport": "tennis", "leisure": "pitch", "surface": "paved"}}, {"type": "Feature", "geometry": {"type": "Polygon", "coordinates": [[[-73.9078066, 40.8776285], [-73.9076184, 40.8774668], [-73.9074919, 40.8775509], [-73.9076801, 40.8777126], [-73.9078066, 40.8776285]]]}, "properties": {"osm_id": 1106873478, "sport": "basketball", "leisure": "pitch"}}, {"type": "Feature", "geometry": {"type": "Polygon", "coordinates": [[[-73.8318317, 40.8729008], [-73.8316522, 40.8729014], [-73.831652, 40.872673], [-73.8318311, 40.8726729], [-73.8318317, 40.8729008]]]}, "properties": {"osm_id": 1106954548, "sport": "basketball", "leisure": "pitch"}}, {"type": "Feature", "geometry": {"type": "Polygon", "coordinates": [[[-73.831618, 40.8728238], [-73.8314216, 40.8728245], [-73.8314173, 40.8726739], [-73.8316198, 40.8726747], [-73.831618, 40.8728238]]]}, "properties": {"osm_id": 1106954550, "leisure": "pitch"}}, {"type": "Feature", "geometry": {"type": "Polygon", "coordinates": [[[-73.8309132, 40.8731661], [-73.8307683, 40.8732621], [-73.8306002, 40.873117], [-73.8307451, 40.873021], [-73.8309132, 40.8731661]]]}, "properties": {"osm_id": 1106954552, "leisure": "pitch"}}, {"type": "Feature", "geometry": {"type": "Polygon", "coordinates": [[[-73.83102, 40.8751662], [-73.8311503, 40.8751659], [-73.8311493, 40.8749532], [-73.831019, 40.8749536], [-73.83102, 40.8751662]]]}, "properties": {"osm_id": 1106954553, "sport": "tennis", "leisure": "pitch"}}, {"type": "Feature", "geometry": {"type": "Polygon", "coordinates": [[[-73.8308384, 40.8751648], [-73.8309687, 40.8751645], [-73.8309677, 40.8749519], [-73.8308374, 40.8749522], [-73.8308384, 40.8751648]]]}, "properties": {"osm_id": 1106954554, "sport": "tennis", "leisure": "pitch"}}, {"type": "Feature", "geometry": {"type": "Polygon", "coordinates": [[[-73.8306588, 40.8751669], [-73.8307892, 40.8751666], [-73.8307882, 40.874954], [-73.8306579, 40.8749543], [-73.8306588, 40.8751669]]]}, "properties": {"osm_id": 1106954555, "sport": "tennis", "leisure": "pitch"}}, {"type": "Feature", "geometry": {"type": "Polygon", "coordinates": [[[-73.8304788, 40.8751661], [-73.8306091, 40.8751658], [-73.8306081, 40.8749531], [-73.8304778, 40.8749535], [-73.8304788, 40.8751661]]]}, "properties": {"osm_id": 1106954556, "sport": "tennis", "leisure": "pitch"}}, {"type": "Feature", "geometry": {"type": "Polygon", "coordinates": [[[-73.8302959, 40.8751665], [-73.8304263, 40.8751662], [-73.8304253, 40.8749535], [-73.830295, 40.8749539], [-73.8302959, 40.8751665]]]}, "properties": {"osm_id": 1106954557, "sport": "tennis", "leisure": "pitch"}}, {"type": "Feature", "geometry": {"type": "Polygon", "coordinates": [[[-73.8316783, 40.8753075], [-73.8315089, 40.8753084], [-73.8315114, 40.8755465], [-73.8316807, 40.8755455], [-73.8316783, 40.8753075]]]}, "properties": {"osm_id": 1106954558, "sport": "basketball", "leisure": "pitch"}}, {"type": "Feature", "geometry": {"type": "Polygon", "coordinates": [[[-73.831972, 40.875307], [-73.8318026, 40.875308], [-73.831805, 40.8755461], [-73.8319744, 40.8755451], [-73.831972, 40.875307]]]}, "properties": {"osm_id": 1106954559, "sport": "basketball", "leisure": "pitch"}}, {"type": "Feature", "geometry": {"type": "Polygon", "coordinates": [[[-73.8893231, 40.8384984], [-73.8895851, 40.8385995], [-73.8898743, 40.8381707], [-73.8896122, 40.8380696], [-73.8893231, 40.8384984]]]}, "properties": {"osm_id": 1107123814, "sport": "soccer", "leisure": "pitch"}}, {"type": "Feature", "geometry": {"type": "Polygon", "coordinates": [[[-73.8950702, 40.8363916], [-73.8949741, 40.8365125], [-73.894713, 40.8363937], [-73.894809, 40.8362729], [-73.8950702, 40.8363916]]]}, "properties": {"osm_id": 1107123879, "sport": "basketball", "leisure": "pitch"}}, {"type": "Feature", "geometry": {"type": "Polygon", "coordinates": [[[-73.8952014, 40.8362255], [-73.8951053, 40.8363464], [-73.8948442, 40.8362277], [-73.8949402, 40.8361068], [-73.8952014, 40.8362255]]]}, "properties": {"osm_id": 1107123880, "sport": "basketball", "leisure": "pitch"}}, {"type": "Feature", "geometry": {"type": "Polygon", "coordinates": [[[-73.9162444, 40.8831395], [-73.9161894, 40.8832304], [-73.916436, 40.8833157], [-73.916491, 40.8832248], [-73.9162444, 40.8831395]]]}, "properties": {"osm_id": 1107174144, "sport": "tennis", "leisure": "pitch"}}, {"type": "Feature", "geometry": {"type": "Polygon", "coordinates": [[[-73.909981, 40.8830907], [-73.9098835, 40.8832276], [-73.9097509, 40.8831736], [-73.9098484, 40.8830367], [-73.909981, 40.8830907]]]}, "properties": {"osm_id": 1107381372, "sport": "basketball", "leisure": "pitch"}}, {"type": "Feature", "geometry": {"type": "Polygon", "coordinates": [[[-73.9146111, 40.8769531], [-73.9144169, 40.8771103], [-73.9143199, 40.8770418], [-73.9145141, 40.8768846], [-73.9146111, 40.8769531]]]}, "properties": {"osm_id": 1107381421, "sport": "tennis", "leisure": "pitch"}}, {"type": "Feature", "geometry": {"type": "Polygon", "coordinates": [[[-73.9144937, 40.8768671], [-73.9142994, 40.8770242], [-73.9142025, 40.8769557], [-73.9143967, 40.8767985], [-73.9144937, 40.8768671]]]}, "properties": {"osm_id": 1107381422, "sport": "tennis", "leisure": "pitch"}}, {"type": "Feature", "geometry": {"type": "Polygon", "coordinates": [[[-73.9239057, 40.8442074], [-73.9240348, 40.8443016], [-73.9242588, 40.8441261], [-73.9241297, 40.8440318], [-73.9239057, 40.8442074]]]}, "properties": {"osm_id": 1109088053, "sport": "basketball", "leisure": "pitch"}}, {"type": "Feature", "geometry": {"type": "Polygon", "coordinates": [[[-73.9270004, 40.8346947], [-73.9268751, 40.8349174], [-73.9266966, 40.8348599], [-73.9268219, 40.8346372], [-73.9270004, 40.8346947]]]}, "properties": {"osm_id": 1120243503, "sport": "basketball", "leisure": "pitch"}}, {"type": "Feature", "geometry": {"type": "Polygon", "coordinates": [[[-73.91364, 40.8364431], [-73.9134947, 40.8363982], [-73.9135795, 40.8362412], [-73.9137248, 40.8362861], [-73.91364, 40.8364431]]]}, "properties": {"osm_id": 1143794819, "sport": "basketball", "leisure": "pitch"}}, {"type": "Feature", "geometry": {"type": "Polygon", "coordinates": [[[-73.914846, 40.831461], [-73.9147018, 40.8314136], [-73.9147615, 40.8313095], [-73.9149057, 40.8313568], [-73.914846, 40.831461]]]}, "properties": {"osm_id": 1143797878, "sport": "basketball", "leisure": "pitch"}}, {"type": "Feature", "geometry": {"type": "Polygon", "coordinates": [[[-73.9146866, 40.831409], [-73.9145424, 40.8313617], [-73.9146021, 40.8312575], [-73.9147463, 40.8313048], [-73.9146866, 40.831409]]]}, "properties": {"osm_id": 1143797881, "sport": "basketball", "leisure": "pitch"}}, {"type": "Feature", "geometry": {"type": "Polygon", "coordinates": [[[-73.9144865, 40.8313563], [-73.9143522, 40.8313128], [-73.9144117, 40.8312078], [-73.9145461, 40.8312514], [-73.9144865, 40.8313563]]]}, "properties": {"osm_id": 1143797882, "sport": "american_handball", "leisure": "pitch"}}, {"type": "Feature", "geometry": {"type": "Polygon", "coordinates": [[[-73.9089452, 40.9015073], [-73.9088912, 40.9016364], [-73.9092575, 40.9017394], [-73.9093159, 40.9016096], [-73.9089452, 40.9015073]]]}, "properties": {"osm_id": 1150238235, "sport": "tennis", "leisure": "pitch"}}, {"type": "Feature", "geometry": {"type": "Polygon", "coordinates": [[[-73.8601503, 40.8409065], [-73.8598868, 40.8409358], [-73.8599127, 40.8410689], [-73.8601762, 40.8410395], [-73.8601503, 40.8409065]]]}, "properties": {"osm_id": 1188139850, "sport": "basketball", "leisure": "pitch"}}, {"type": "Feature", "geometry": {"type": "Polygon", "coordinates": [[[-73.8600148, 40.8409111], [-73.8601315, 40.8408121], [-73.8599296, 40.8406759], [-73.8598129, 40.8407749], [-73.8600148, 40.8409111]]]}, "properties": {"osm_id": 1188139851, "sport": "basketball", "leisure": "pitch"}}, {"type": "Feature", "geometry": {"type": "Polygon", "coordinates": [[[-73.8589419, 40.8411665], [-73.8588701, 40.84081], [-73.8596214, 40.8407234], [-73.8596606, 40.8409182], [-73.8596932, 40.8410799], [-73.8595926, 40.8410915], [-73.8590692, 40.8411518], [-73.8589419, 40.8411665]]]}, "properties": {"osm_id": 1188139852, "sport": "soccer", "leisure": "pitch"}}, {"type": "Feature", "geometry": {"type": "Polygon", "coordinates": [[[-73.8598247, 40.8410656], [-73.8598053, 40.8410845], [-73.8597803, 40.8410698], [-73.8596932, 40.8410799], [-73.8595926, 40.8410915], [-73.8595599, 40.8409298], [-73.8596606, 40.8409182], [-73.8597749, 40.8409049], [-73.8598051, 40.8410541], [-73.8598247, 40.8410656]]]}, "properties": {"osm_id": 1188139853, "sport": "baseball", "leisure": "pitch"}}, {"type": "Feature", "geometry": {"type": "Polygon", "coordinates": [[[-73.8590692, 40.8411518], [-73.8590362, 40.8409881], [-73.8588224, 40.8410128], [-73.8588524, 40.8411613], [-73.858839, 40.8411754], [-73.8588643, 40.8411892], [-73.858879, 40.8411738], [-73.8589419, 40.8411665], [-73.8590692, 40.8411518]]]}, "properties": {"osm_id": 1188139854, "sport": "baseball", "leisure": "pitch"}}, {"type": "Feature", "geometry": {"type": "Polygon", "coordinates": [[[-73.8563728, 40.8382062], [-73.8562019, 40.8382218], [-73.8562342, 40.8384238], [-73.8564051, 40.8384082], [-73.8563728, 40.8382062]]]}, "properties": {"osm_id": 1188139856, "sport": "basketball", "leisure": "pitch"}}, {"type": "Feature", "geometry": {"type": "Polygon", "coordinates": [[[-73.8565607, 40.8381884], [-73.8564072, 40.8382026], [-73.85644, 40.8384046], [-73.8565935, 40.8383903], [-73.8565607, 40.8381884]]]}, "properties": {"osm_id": 1188139857, "sport": "basketball", "leisure": "pitch"}}, {"type": "Feature", "geometry": {"type": "Polygon", "coordinates": [[[-73.9081862, 40.838065], [-73.9080616, 40.8382553], [-73.9077784, 40.8381491], [-73.907903, 40.8379588], [-73.9081862, 40.838065]]]}, "properties": {"osm_id": 1188484573, "sport": "american_handball", "leisure": "pitch"}}, {"type": "Feature", "geometry": {"type": "Polygon", "coordinates": [[[-73.8562416, 40.8371522], [-73.8560633, 40.8371715], [-73.856017, 40.8369274], [-73.8561954, 40.8369081], [-73.8562416, 40.8371522]]]}, "properties": {"osm_id": 1188982466, "sport": "basketball", "leisure": "pitch"}}, {"type": "Feature", "geometry": {"type": "Polygon", "coordinates": [[[-73.9021818, 40.8147627], [-73.9022321, 40.8148811], [-73.9019389, 40.8149525], [-73.9018886, 40.814834], [-73.9021818, 40.8147627]]]}, "properties": {"osm_id": 1189538613, "sport": "basketball", "leisure": "pitch"}}, {"type": "Feature", "geometry": {"type": "Polygon", "coordinates": [[[-73.9021072, 40.8146378], [-73.9021573, 40.8147504], [-73.9018663, 40.8148246], [-73.9018162, 40.8147121], [-73.9021072, 40.8146378]]]}, "properties": {"osm_id": 1189538614, "sport": "basketball", "leisure": "pitch"}}, {"type": "Feature", "geometry": {"type": "Polygon", "coordinates": [[[-73.8989295, 40.8147946], [-73.8987872, 40.8148096], [-73.8987509, 40.8146119], [-73.8988931, 40.8145969], [-73.8989295, 40.8147946]]]}, "properties": {"osm_id": 1189734945, "sport": "basketball", "leisure": "pitch"}}, {"type": "Feature", "geometry": {"type": "Polygon", "coordinates": [[[-73.8987708, 40.8224558], [-73.898763, 40.8226835], [-73.8986292, 40.8226809], [-73.8986371, 40.8224531], [-73.8987708, 40.8224558]]]}, "properties": {"osm_id": 1189735517, "sport": "american_handball", "leisure": "pitch"}}, {"type": "Feature", "geometry": {"type": "Polygon", "coordinates": [[[-73.8985943, 40.8225352], [-73.8985898, 40.8226634], [-73.8983193, 40.8226579], [-73.8983238, 40.8225297], [-73.8985943, 40.8225352]]]}, "properties": {"osm_id": 1189735518, "sport": "basketball", "leisure": "pitch"}}, {"type": "Feature", "geometry": {"type": "Polygon", "coordinates": [[[-73.8986677, 40.8227445], [-73.8986646, 40.8228709], [-73.8983903, 40.8228671], [-73.8983934, 40.8227407], [-73.8986677, 40.8227445]]]}, "properties": {"osm_id": 1189735519, "sport": "basketball", "leisure": "pitch"}}, {"type": "Feature", "geometry": {"type": "Polygon", "coordinates": [[[-73.8986674, 40.822887], [-73.8986644, 40.8230134], [-73.8983901, 40.8230096], [-73.8983931, 40.8228831], [-73.8986674, 40.822887]]]}, "properties": {"osm_id": 1189735520, "sport": "basketball", "leisure": "pitch"}}, {"type": "Feature", "geometry": {"type": "Polygon", "coordinates": [[[-73.8786361, 40.8334965], [-73.8784291, 40.8325769], [-73.8783773, 40.8325402], [-73.8773856, 40.8326691], [-73.877611, 40.8336354], [-73.8786361, 40.8334965]]]}, "properties": {"osm_id": 1193657874, "sport": "baseball", "leisure": "pitch"}}, {"type": "Feature", "geometry": {"type": "Polygon", "coordinates": [[[-73.8850105, 40.8356536], [-73.8848991, 40.8355673], [-73.8847439, 40.8356821], [-73.8848554, 40.8357683], [-73.8850105, 40.8356536]]]}, "properties": {"osm_id": 1193659193, "sport": "basketball", "leisure": "pitch"}}, {"type": "Feature", "geometry": {"type": "Polygon", "coordinates": [[[-73.8917389, 40.8509018], [-73.8917566, 40.8509409], [-73.8914811, 40.8513713], [-73.8912289, 40.8512849], [-73.8909994, 40.8511019], [-73.8909796, 40.8508877], [-73.8911062, 40.8506851], [-73.8917389, 40.8509018]]]}, "properties": {"osm_id": 1197474422, "sport": "baseball", "leisure": "pitch"}}, {"type": "Feature", "geometry": {"type": "Polygon", "coordinates": [[[-73.8945822, 40.8217707], [-73.8945824, 40.8216954], [-73.8941948, 40.8216915], [-73.8941934, 40.8217678], [-73.8945822, 40.8217707]]]}, "properties": {"osm_id": 1199237105, "sport": "basketball", "leisure": "pitch"}}, {"type": "Feature", "geometry": {"type": "Polygon", "coordinates": [[[-73.8477599, 40.8300511], [-73.8476217, 40.830068], [-73.8475918, 40.8299279], [-73.84773, 40.829911], [-73.8477599, 40.8300511]]]}, "properties": {"osm_id": 1200038949, "sport": "basketball", "leisure": "pitch"}}, {"type": "Feature", "geometry": {"type": "Polygon", "coordinates": [[[-73.8561794, 40.8143589], [-73.8559129, 40.8143951], [-73.8558839, 40.8142728], [-73.8561504, 40.8142366], [-73.8561794, 40.8143589]]]}, "properties": {"osm_id": 1200411573, "sport": "basketball", "leisure": "pitch"}}, {"type": "Feature", "geometry": {"type": "Polygon", "coordinates": [[[-73.8634208, 40.8260672], [-73.8632397, 40.8260961], [-73.8632977, 40.8263039], [-73.8634789, 40.826275], [-73.8634208, 40.8260672]]]}, "properties": {"osm_id": 1200483071, "sport": "basketball", "leisure": "pitch"}}, {"type": "Feature", "geometry": {"type": "Polygon", "coordinates": [[[-73.8498619, 40.817499], [-73.8495868, 40.8175828], [-73.8495214, 40.8174599], [-73.8497965, 40.8173761], [-73.8498619, 40.817499]]]}, "properties": {"osm_id": 1200483072, "sport": "basketball", "leisure": "pitch"}}, {"type": "Feature", "geometry": {"type": "Polygon", "coordinates": [[[-73.8564693, 40.8197287], [-73.8562172, 40.8197623], [-73.8562613, 40.8199518], [-73.8565134, 40.8199182], [-73.8564693, 40.8197287]]]}, "properties": {"osm_id": 1200483075, "sport": "american_handball", "leisure": "pitch"}}, {"type": "Feature", "geometry": {"type": "Polygon", "coordinates": [[[-73.8497058, 40.817351], [-73.849651, 40.8172487], [-73.849482, 40.8173006], [-73.8495369, 40.8174029], [-73.8497058, 40.817351]]]}, "properties": {"osm_id": 1200483078, "sport": "basketball", "leisure": "pitch"}}, {"type": "Feature", "geometry": {"type": "Polygon", "coordinates": [[[-73.8667284, 40.8324804], [-73.8665957, 40.8324959], [-73.8665617, 40.8323293], [-73.8666944, 40.8323139], [-73.8667284, 40.8324804]]]}, "properties": {"osm_id": 1200483084, "sport": "basketball", "leisure": "pitch"}}, {"type": "Feature", "geometry": {"type": "Polygon", "coordinates": [[[-73.8775537, 40.823163], [-73.8774063, 40.8231824], [-73.8773603, 40.8229821], [-73.8775077, 40.8229627], [-73.8775537, 40.823163]]]}, "properties": {"osm_id": 1200621768, "sport": "basketball", "leisure": "pitch"}}, {"type": "Feature", "geometry": {"type": "Polygon", "coordinates": [[[-73.8774002, 40.8233957], [-73.8773157, 40.8230464], [-73.8772796, 40.8230132], [-73.8771342, 40.8230294], [-73.8771075, 40.8230812], [-73.8771865, 40.8234108], [-73.8772413, 40.8234332], [-73.8773779, 40.8234167], [-73.8774002, 40.8233957]]]}, "properties": {"osm_id": 1200621772, "sport": "running", "leisure": "track"}}, {"type": "Feature", "geometry": {"type": "Polygon", "coordinates": [[[-73.877746, 40.8231354], [-73.8775987, 40.8231548], [-73.8775527, 40.8229545], [-73.8777, 40.8229351], [-73.877746, 40.8231354]]]}, "properties": {"osm_id": 1200621774, "sport": "basketball", "leisure": "pitch"}}, {"type": "Feature", "geometry": {"type": "Polygon", "coordinates": [[[-73.8774232, 40.8234187], [-73.8771829, 40.8234496], [-73.8770854, 40.8230287], [-73.8773158, 40.8229968], [-73.877324, 40.8230291], [-73.8774232, 40.8234187]]]}, "properties": {"osm_id": 1200621775, "leisure": "pitch"}}, {"type": "Feature", "geometry": {"type": "Polygon", "coordinates": [[[-73.8261135, 40.8349566], [-73.826278, 40.835355], [-73.8263029, 40.8354009], [-73.826334, 40.8354076], [-73.826666, 40.8353304], [-73.8267087, 40.8353072], [-73.8266871, 40.8352746], [-73.8263104, 40.8347871], [-73.8262933, 40.8347667], [-73.8262556, 40.8347659], [-73.8260722, 40.8348526], [-73.8261135, 40.8349566]]]}, "properties": {"osm_id": 1202310793, "sport": "running", "leisure": "track"}}, {"type": "Feature", "geometry": {"type": "Polygon", "coordinates": [[[-73.8172589, 40.825002], [-73.8169737, 40.8250684], [-73.8169236, 40.8249353], [-73.817207, 40.824875], [-73.8172589, 40.825002]]]}, "properties": {"osm_id": 1202310799, "sport": "american_handball", "leisure": "pitch"}}, {"type": "Feature", "geometry": {"type": "Polygon", "coordinates": [[[-73.8173366, 40.8251828], [-73.8170218, 40.8252586], [-73.8169691, 40.8251257], [-73.8172836, 40.8250512], [-73.8173366, 40.8251828]]]}, "properties": {"osm_id": 1202310800, "sport": "basketball", "leisure": "pitch"}}, {"type": "Feature", "geometry": {"type": "Polygon", "coordinates": [[[-73.8176042, 40.8261543], [-73.8174672, 40.8262237], [-73.8174239, 40.8262274], [-73.8172064, 40.8259639], [-73.8172094, 40.8259428], [-73.8174309, 40.8258307], [-73.817454, 40.8258298], [-73.8174727, 40.8258347], [-73.8176905, 40.8260878], [-73.8176893, 40.8261078], [-73.8176793, 40.8261196], [-73.8176042, 40.8261543]]]}, "properties": {"osm_id": 1202310801, "sport": "running", "leisure": "track"}}, {"type": "Feature", "geometry": {"type": "Polygon", "coordinates": [[[-73.8186831, 40.8236151], [-73.8184319, 40.8236734], [-73.8183917, 40.8235741], [-73.8186429, 40.8235158], [-73.8186831, 40.8236151]]]}, "properties": {"osm_id": 1202310802, "sport": "basketball", "leisure": "pitch"}}, {"type": "Feature", "geometry": {"type": "Polygon", "coordinates": [[[-73.8182999, 40.823649], [-73.8183298, 40.8236266], [-73.8183366, 40.8235913], [-73.8183268, 40.8235659], [-73.8183073, 40.823544], [-73.8182553, 40.8235308], [-73.8180351, 40.8235822], [-73.8180073, 40.8236044], [-73.8179934, 40.8236351], [-73.8180034, 40.8236663], [-73.8180321, 40.8236918], [-73.818091, 40.8236992], [-73.8182999, 40.823649]]]}, "properties": {"osm_id": 1202310803, "sport": "running", "leisure": "track"}}, {"type": "Feature", "geometry": {"type": "Polygon", "coordinates": [[[-73.7985835, 40.8159606], [-73.7984516, 40.8159117], [-73.7985026, 40.8158331], [-73.7986344, 40.815882], [-73.7985835, 40.8159606]]]}, "properties": {"osm_id": 1202312643, "sport": "beachvolleyball", "leisure": "pitch", "surface": "sand"}}, {"type": "Feature", "geometry": {"type": "Polygon", "coordinates": [[[-73.8429524, 40.8678802], [-73.8430642, 40.8678809], [-73.8430655, 40.8677457], [-73.8429537, 40.8677451], [-73.8429524, 40.8678802]]]}, "properties": {"osm_id": 1203315567, "sport": "american_handball", "leisure": "pitch"}}, {"type": "Feature", "geometry": {"type": "Polygon", "coordinates": [[[-73.8428127, 40.868445], [-73.843025, 40.8684475], [-73.8430302, 40.8681864], [-73.842818, 40.8681839], [-73.8428127, 40.868445]]]}, "properties": {"osm_id": 1203315568, "leisure": "pitch"}}, {"type": "Feature", "geometry": {"type": "Polygon", "coordinates": [[[-73.8430491, 40.8681541], [-73.8430409, 40.8679373], [-73.8428657, 40.8679412], [-73.842874, 40.8681579], [-73.8430491, 40.8681541]]]}, "properties": {"osm_id": 1203315569, "sport": "basketball", "leisure": "pitch"}}, {"type": "Feature", "geometry": {"type": "Polygon", "coordinates": [[[-73.8349639, 40.8525514], [-73.8343232, 40.8525115], [-73.8343221, 40.8527399], [-73.8343979, 40.8528528], [-73.8345242, 40.8529622], [-73.8346298, 40.8530126], [-73.8347951, 40.8530656], [-73.8349169, 40.8530803], [-73.8349628, 40.85301], [-73.8350064, 40.852587], [-73.8349639, 40.8525514]]]}, "properties": {"osm_id": 1204065958, "sport": "baseball", "leisure": "pitch"}}, {"type": "Feature", "geometry": {"type": "Polygon", "coordinates": [[[-73.8345118, 40.8524476], [-73.834354, 40.8524403], [-73.8343622, 40.8523395], [-73.83452, 40.8523468], [-73.8345118, 40.8524476]]]}, "properties": {"osm_id": 1204065971, "sport": "american_handball", "leisure": "pitch"}}, {"type": "Feature", "geometry": {"type": "Polygon", "coordinates": [[[-73.8343464, 40.8524378], [-73.8341886, 40.8524305], [-73.8341967, 40.8523297], [-73.8343545, 40.852337], [-73.8343464, 40.8524378]]]}, "properties": {"osm_id": 1204065972, "sport": "american_handball", "leisure": "pitch"}}, {"type": "Feature", "geometry": {"type": "Polygon", "coordinates": [[[-73.8345209, 40.8523388], [-73.8343631, 40.8523315], [-73.8343712, 40.8522307], [-73.8345291, 40.852238], [-73.8345209, 40.8523388]]]}, "properties": {"osm_id": 1204065973, "sport": "american_handball", "leisure": "pitch"}}, {"type": "Feature", "geometry": {"type": "Polygon", "coordinates": [[[-73.8343556, 40.8523284], [-73.8341977, 40.8523211], [-73.8342059, 40.8522203], [-73.8343637, 40.8522276], [-73.8343556, 40.8523284]]]}, "properties": {"osm_id": 1204065974, "sport": "american_handball", "leisure": "pitch"}}, {"type": "Feature", "geometry": {"type": "Polygon", "coordinates": [[[-73.8344135, 40.8522204], [-73.8342168, 40.852209], [-73.8342384, 40.8519956], [-73.8344351, 40.852007], [-73.8344135, 40.8522204]]]}, "properties": {"osm_id": 1204065975, "sport": "basketball", "leisure": "pitch"}}, {"type": "Feature", "geometry": {"type": "Polygon", "coordinates": [[[-73.825783, 40.8472467], [-73.8255699, 40.8467904], [-73.8249211, 40.8470747], [-73.8252036, 40.8475491], [-73.8257207, 40.8473355], [-73.825783, 40.8472467]]]}, "properties": {"osm_id": 1204066773, "sport": "baseball", "leisure": "pitch"}}, {"type": "Feature", "geometry": {"type": "Polygon", "coordinates": [[[-73.8247871, 40.8470982], [-73.8244423, 40.84666], [-73.8243729, 40.8466473], [-73.8239109, 40.8469135], [-73.82427, 40.8473427], [-73.8247871, 40.8470982]]]}, "properties": {"osm_id": 1204066774, "sport": "baseball", "leisure": "pitch"}}, {"type": "Feature", "geometry": {"type": "Polygon", "coordinates": [[[-73.8255603, 40.8467342], [-73.8252539, 40.8462235], [-73.8251869, 40.8462127], [-73.8245094, 40.8465785], [-73.8249068, 40.8470258], [-73.8255603, 40.8467342]]]}, "properties": {"osm_id": 1204066775, "sport": "baseball", "leisure": "pitch"}}, {"type": "Feature", "geometry": {"type": "Polygon", "coordinates": [[[-73.8194285, 40.8506583], [-73.8193349, 40.8504194], [-73.8191022, 40.8504461], [-73.8189712, 40.850454], [-73.8187073, 40.8505357], [-73.818805, 40.850836], [-73.8194285, 40.8506583]]]}, "properties": {"osm_id": 1204066777, "sport": "equestrian", "leisure": "pitch"}}, {"type": "Feature", "geometry": {"type": "Polygon", "coordinates": [[[-73.820153, 40.851889], [-73.8201147, 40.8513005], [-73.8200716, 40.8512589], [-73.8197628, 40.8513005], [-73.8191523, 40.8514526], [-73.8195162, 40.8518818], [-73.820153, 40.851889]]]}, "properties": {"osm_id": 1204066783, "sport": "baseball", "leisure": "pitch"}}, {"type": "Feature", "geometry": {"type": "Polygon", "coordinates": [[[-73.8246672, 40.8494455], [-73.8249178, 40.8490924], [-73.8243774, 40.8489088], [-73.8241409, 40.8492394], [-73.824592, 40.8494574], [-73.8246672, 40.8494455]]]}, "properties": {"osm_id": 1204066785, "sport": "baseball", "leisure": "pitch"}}, {"type": "Feature", "geometry": {"type": "Polygon", "coordinates": [[[-73.8249319, 40.8486813], [-73.8246327, 40.8482938], [-73.8245591, 40.8482856], [-73.8240673, 40.848545], [-73.8244495, 40.8489218], [-73.8249319, 40.8486813]]]}, "properties": {"osm_id": 1204066787, "sport": "baseball", "leisure": "pitch"}}, {"type": "Feature", "geometry": {"type": "Polygon", "coordinates": [[[-73.922858, 40.8111602], [-73.9227067, 40.8111026], [-73.9228141, 40.8109409], [-73.9229654, 40.8109985], [-73.922858, 40.8111602]]]}, "properties": {"osm_id": 1210674729, "sport": "basketball", "leisure": "pitch"}}, {"type": "Feature", "geometry": {"type": "Polygon", "coordinates": [[[-73.9226993, 40.8110982], [-73.922548, 40.8110406], [-73.9226554, 40.8108789], [-73.9228068, 40.8109365], [-73.9226993, 40.8110982]]]}, "properties": {"osm_id": 1210674730, "sport": "basketball", "leisure": "pitch"}}, {"type": "Feature", "geometry": {"type": "Polygon", "coordinates": [[[-73.9234935, 40.8109197], [-73.9233357, 40.8108549], [-73.9234708, 40.8106666], [-73.9236286, 40.8107314], [-73.9234935, 40.8109197]]]}, "properties": {"osm_id": 1210674731, "sport": "basketball", "leisure": "pitch"}}, {"type": "Feature", "geometry": {"type": "Polygon", "coordinates": [[[-73.8458076, 40.8119457], [-73.8457233, 40.8121762], [-73.8455788, 40.8121459], [-73.8456633, 40.8119154], [-73.8458076, 40.8119457]]]}, "properties": {"osm_id": 1215842734, "sport": "basketball", "leisure": "pitch"}}, {"type": "Feature", "geometry": {"type": "Polygon", "coordinates": [[[-73.9177765, 40.8578257], [-73.9183324, 40.8579541], [-73.9187064, 40.8569986], [-73.9181586, 40.8568756], [-73.9177765, 40.8578257]]]}, "properties": {"osm_id": 1218391001, "leisure": "pitch"}}, {"type": "Feature", "geometry": {"type": "Polygon", "coordinates": [[[-73.9195803, 40.8555229], [-73.9195041, 40.8555368], [-73.9192378, 40.8558665], [-73.9193577, 40.8559211], [-73.919499, 40.8559526], [-73.9196291, 40.8559534], [-73.9197714, 40.8559204], [-73.9198568, 40.8558835], [-73.919934, 40.8558304], [-73.9200174, 40.8557351], [-73.9195803, 40.8555229]]]}, "properties": {"osm_id": 1218391002, "sport": "baseball", "leisure": "pitch"}}, {"type": "Feature", "geometry": {"type": "Polygon", "coordinates": [[[-73.8737008, 40.8286046], [-73.8733878, 40.8286526], [-73.8734919, 40.8290412], [-73.8738049, 40.8289932], [-73.8737008, 40.8286046]]]}, "properties": {"osm_id": 1223276439, "sport": "soccer", "leisure": "pitch", "surface": "grass"}}, {"type": "Feature", "geometry": {"type": "Polygon", "coordinates": [[[-73.8227588, 40.8501412], [-73.8226388, 40.849947], [-73.822759, 40.8499045], [-73.8228789, 40.8500988], [-73.8227588, 40.8501412]]]}, "properties": {"osm_id": 1223282498, "sport": "tennis", "leisure": "pitch"}}, {"type": "Feature", "geometry": {"type": "Polygon", "coordinates": [[[-73.822611, 40.8501931], [-73.8224911, 40.8499989], [-73.8226112, 40.8499564], [-73.8227312, 40.8501506], [-73.822611, 40.8501931]]]}, "properties": {"osm_id": 1223282499, "sport": "tennis", "leisure": "pitch"}}, {"type": "Feature", "geometry": {"type": "Polygon", "coordinates": [[[-73.8232012, 40.8499829], [-73.8230812, 40.8497887], [-73.8232014, 40.8497463], [-73.8233213, 40.8499405], [-73.8232012, 40.8499829]]]}, "properties": {"osm_id": 1223282500, "sport": "tennis", "leisure": "pitch"}}, {"type": "Feature", "geometry": {"type": "Polygon", "coordinates": [[[-73.8230547, 40.850036], [-73.8229348, 40.8498417], [-73.8230549, 40.8497993], [-73.8231749, 40.8499935], [-73.8230547, 40.850036]]]}, "properties": {"osm_id": 1223282501, "sport": "tennis", "leisure": "pitch"}}, {"type": "Feature", "geometry": {"type": "Polygon", "coordinates": [[[-73.822907, 40.8500878], [-73.822787, 40.8498936], [-73.8229072, 40.8498512], [-73.8230271, 40.8500454], [-73.822907, 40.8500878]]]}, "properties": {"osm_id": 1223282502, "sport": "tennis", "leisure": "pitch"}}, {"type": "Feature", "geometry": {"type": "Polygon", "coordinates": [[[-73.8240262, 40.84969], [-73.8239063, 40.8494958], [-73.8240264, 40.8494533], [-73.8241464, 40.8496476], [-73.8240262, 40.84969]]]}, "properties": {"osm_id": 1223282503, "sport": "tennis", "leisure": "pitch"}}, {"type": "Feature", "geometry": {"type": "Polygon", "coordinates": [[[-73.8238785, 40.8497419], [-73.8237585, 40.8495477], [-73.8238787, 40.8495052], [-73.8239986, 40.8496994], [-73.8238785, 40.8497419]]]}, "properties": {"osm_id": 1223282504, "sport": "tennis", "leisure": "pitch"}}, {"type": "Feature", "geometry": {"type": "Polygon", "coordinates": [[[-73.8241727, 40.849637], [-73.8240527, 40.8494428], [-73.8241729, 40.8494003], [-73.8242928, 40.8495945], [-73.8241727, 40.849637]]]}, "properties": {"osm_id": 1223282505, "sport": "tennis", "leisure": "pitch"}}, {"type": "Feature", "geometry": {"type": "Polygon", "coordinates": [[[-73.8237303, 40.8497953], [-73.8236103, 40.849601], [-73.8237305, 40.8495586], [-73.8238504, 40.8497528], [-73.8237303, 40.8497953]]]}, "properties": {"osm_id": 1223282506, "sport": "tennis", "leisure": "pitch"}}, {"type": "Feature", "geometry": {"type": "Polygon", "coordinates": [[[-73.8235825, 40.8498471], [-73.8234625, 40.8496529], [-73.8235827, 40.8496105], [-73.8237027, 40.8498047], [-73.8235825, 40.8498471]]]}, "properties": {"osm_id": 1223282507, "sport": "tennis", "leisure": "pitch"}}, {"type": "Feature", "geometry": {"type": "Polygon", "coordinates": [[[-73.8543448, 40.8373723], [-73.854174, 40.8373911], [-73.854132, 40.8371733], [-73.8543028, 40.8371545], [-73.8543448, 40.8373723]]]}, "properties": {"osm_id": 1229658832, "sport": "basketball", "leisure": "pitch"}}, {"type": "Feature", "geometry": {"type": "Polygon", "coordinates": [[[-73.8541336, 40.8373962], [-73.8539627, 40.837415], [-73.8539208, 40.8371972], [-73.8540916, 40.8371784], [-73.8541336, 40.8373962]]]}, "properties": {"osm_id": 1229658833, "sport": "basketball", "leisure": "pitch"}}, {"type": "Feature", "geometry": {"type": "Polygon", "coordinates": [[[-73.8908769, 40.8432516], [-73.8907206, 40.8431731], [-73.8908528, 40.8430224], [-73.8910091, 40.8431009], [-73.8908769, 40.8432516]]]}, "properties": {"osm_id": 1230914577, "sport": "basketball", "leisure": "pitch"}}, {"type": "Feature", "geometry": {"type": "Polygon", "coordinates": [[[-73.8906993, 40.8431965], [-73.8905315, 40.8431115], [-73.890694, 40.8429271], [-73.8908632, 40.8430114], [-73.8908528, 40.8430224], [-73.8907206, 40.8431731], [-73.8906993, 40.8431965]]]}, "properties": {"osm_id": 1230914578, "sport": "basketball", "leisure": "pitch"}}, {"type": "Feature", "geometry": {"type": "Polygon", "coordinates": [[[-73.8905315, 40.8431115], [-73.8903613, 40.8430257], [-73.8905238, 40.8428413], [-73.890694, 40.8429271], [-73.8905315, 40.8431115]]]}, "properties": {"osm_id": 1230914579, "sport": "basketball", "leisure": "pitch"}}, {"type": "Feature", "geometry": {"type": "Polygon", "coordinates": [[[-73.8941803, 40.8423811], [-73.8940539, 40.8425134], [-73.894294, 40.8426447], [-73.8944204, 40.8425124], [-73.8941803, 40.8423811]]]}, "properties": {"osm_id": 1230914647, "sport": "basketball", "leisure": "pitch"}}, {"type": "Feature", "geometry": {"type": "Polygon", "coordinates": [[[-73.9046794, 40.8171488], [-73.904636, 40.8172615], [-73.9043782, 40.8172047], [-73.9044217, 40.817092], [-73.9046794, 40.8171488]]]}, "properties": {"osm_id": 1232297409, "sport": "basketball", "leisure": "pitch"}}, {"type": "Feature", "geometry": {"type": "Polygon", "coordinates": [[[-73.9056244, 40.8181227], [-73.905594, 40.8181982], [-73.9055188, 40.8181809], [-73.9055492, 40.8181054], [-73.9056244, 40.8181227]]]}, "properties": {"osm_id": 1232297411, "sport": "basketball", "leisure": "pitch"}}, {"type": "Feature", "geometry": {"type": "Polygon", "coordinates": [[[-73.9057599, 40.8181537], [-73.9057296, 40.8182292], [-73.9056544, 40.8182119], [-73.9056847, 40.8181363], [-73.9057599, 40.8181537]]]}, "properties": {"osm_id": 1232297412, "sport": "basketball", "leisure": "pitch"}}, {"type": "Feature", "geometry": {"type": "Polygon", "coordinates": [[[-73.8089089, 40.8177874], [-73.8088735, 40.8175752], [-73.8087454, 40.8175875], [-73.8087809, 40.8177996], [-73.8089089, 40.8177874]]]}, "properties": {"osm_id": 1241746586, "sport": "tennis", "leisure": "pitch"}}, {"type": "Feature", "geometry": {"type": "Polygon", "coordinates": [[[-73.8087413, 40.8178011], [-73.8087059, 40.8175889], [-73.8085778, 40.8176012], [-73.8086132, 40.8178133], [-73.8087413, 40.8178011]]]}, "properties": {"osm_id": 1241746587, "sport": "tennis", "leisure": "pitch"}}, {"type": "Feature", "geometry": {"type": "Polygon", "coordinates": [[[-73.8085716, 40.8178188], [-73.8085362, 40.8176067], [-73.8084081, 40.817619], [-73.8084436, 40.8178311], [-73.8085716, 40.8178188]]]}, "properties": {"osm_id": 1241746588, "sport": "tennis", "leisure": "pitch"}}, {"type": "Feature", "geometry": {"type": "Polygon", "coordinates": [[[-73.8084047, 40.8178346], [-73.8083692, 40.8176224], [-73.8082412, 40.8176347], [-73.8082766, 40.8178468], [-73.8084047, 40.8178346]]]}, "properties": {"osm_id": 1241746589, "sport": "tennis", "leisure": "pitch"}}, {"type": "Feature", "geometry": {"type": "Polygon", "coordinates": [[[-73.8085153, 40.8174641], [-73.8084799, 40.817252], [-73.8083518, 40.8172642], [-73.8083873, 40.8174764], [-73.8085153, 40.8174641]]]}, "properties": {"osm_id": 1241746590, "sport": "tennis", "leisure": "pitch"}}, {"type": "Feature", "geometry": {"type": "Polygon", "coordinates": [[[-73.8083302, 40.8174809], [-73.8082948, 40.8172687], [-73.8081667, 40.817281], [-73.8082022, 40.8174931], [-73.8083302, 40.8174809]]]}, "properties": {"osm_id": 1241746591, "sport": "tennis", "leisure": "pitch"}}, {"type": "Feature", "geometry": {"type": "Polygon", "coordinates": [[[-73.8431975, 40.8565943], [-73.8431803, 40.8566606], [-73.8429688, 40.8566295], [-73.8429859, 40.856563], [-73.8431975, 40.8565943]]]}, "properties": {"osm_id": 1251778418, "sport": "tennis", "leisure": "pitch"}}, {"type": "Feature", "geometry": {"type": "Polygon", "coordinates": [[[-73.8432248, 40.8564947], [-73.8432077, 40.8565611], [-73.8429961, 40.8565299], [-73.8430132, 40.8564635], [-73.8432248, 40.8564947]]]}, "properties": {"osm_id": 1251778419, "sport": "tennis", "leisure": "pitch"}}, {"type": "Feature", "geometry": {"type": "Polygon", "coordinates": [[[-73.9179459, 40.8033985], [-73.9178743, 40.8034947], [-73.9180652, 40.8035603], [-73.9180493, 40.803591], [-73.9182442, 40.8036536], [-73.9183596, 40.8034634], [-73.9183945, 40.8034738], [-73.9184295, 40.8034158], [-73.918154, 40.8034012], [-73.9179459, 40.8033985]]]}, "properties": {"osm_id": 1256788617, "sport": "skateboard", "leisure": "pitch"}}, {"type": "Feature", "geometry": {"type": "Polygon", "coordinates": [[[-73.918394, 40.8035087], [-73.9184165, 40.803481], [-73.918462, 40.8034181], [-73.9186622, 40.8034299], [-73.9185554, 40.8035775], [-73.918537, 40.8035694], [-73.918394, 40.8035087]]]}, "properties": {"osm_id": 1256788618, "sport": "basketball", "leisure": "pitch"}}, {"type": "Feature", "geometry": {"type": "Polygon", "coordinates": [[[-73.8360955, 40.8073949], [-73.8358628, 40.8079686], [-73.835808, 40.808049], [-73.8357234, 40.8081129], [-73.8356171, 40.8081542], [-73.8354992, 40.8081689], [-73.8353809, 40.8081557], [-73.835273, 40.8081153], [-73.8351867, 40.8080518], [-73.8351304, 40.8079712], [-73.8351096, 40.8078815], [-73.8351262, 40.8077912], [-73.8353565, 40.8072168], [-73.8354105, 40.8071378], [-73.8354933, 40.8070746], [-73.8355973, 40.8070332], [-73.8357129, 40.8070172], [-73.8358296, 40.8070281], [-73.8359407, 40.8070671], [-73.8360303, 40.8071305], [-73.8360893, 40.8072118], [-73.8361117, 40.807303], [-73.8360955, 40.8073949]]]}, "properties": {"osm_id": 1257226503, "sport": "cricket", "leisure": "pitch"}}, {"type": "Feature", "geometry": {"type": "Polygon", "coordinates": [[[-73.8349184, 40.8068165], [-73.8351876, 40.807381], [-73.8352076, 40.8074702], [-73.8351906, 40.8075598], [-73.8351384, 40.8076411], [-73.8350558, 40.8077065], [-73.8349507, 40.8077496], [-73.8348324, 40.8077664], [-73.834713, 40.8077549], [-73.834604, 40.8077161], [-73.8345162, 40.8076538], [-73.8344579, 40.807574], [-73.8341863, 40.80701], [-73.8341667, 40.8069223], [-73.8341828, 40.8068342], [-73.834233, 40.8067538], [-73.8343128, 40.8066884], [-73.8344147, 40.8066441], [-73.8345346, 40.8066248], [-73.8346565, 40.8066347], [-73.8347681, 40.806673], [-73.8348585, 40.8067356], [-73.8349184, 40.8068165]]]}, "properties": {"osm_id": 1257226504, "sport": "cricket", "leisure": "pitch"}}, {"type": "Feature", "geometry": {"type": "Polygon", "coordinates": [[[-73.831755, 40.8385441], [-73.8311189, 40.8387882], [-73.8310099, 40.8386461], [-73.8316474, 40.8383889], [-73.831755, 40.8385441]]]}, "properties": {"osm_id": 1257884489, "sport": "american_handball", "leisure": "pitch"}}, {"type": "Feature", "geometry": {"type": "Polygon", "coordinates": [[[-73.8313722, 40.8381002], [-73.8312363, 40.8381533], [-73.8311363, 40.8380068], [-73.8312722, 40.8379536], [-73.8313722, 40.8381002]]]}, "properties": {"osm_id": 1257884492, "sport": "basketball", "leisure": "pitch"}}, {"type": "Feature", "geometry": {"type": "Polygon", "coordinates": [[[-73.8310204, 40.8382473], [-73.8308845, 40.8383004], [-73.8307844, 40.8381539], [-73.8309203, 40.8381008], [-73.8310204, 40.8382473]]]}, "properties": {"osm_id": 1257884493, "sport": "basketball", "leisure": "pitch"}}, {"type": "Feature", "geometry": {"type": "Polygon", "coordinates": [[[-73.8814876, 40.8240622], [-73.8811412, 40.8241061], [-73.8810952, 40.8238984], [-73.8814416, 40.8238545], [-73.8814876, 40.8240622]]]}, "properties": {"osm_id": 1270142307, "sport": "basketball", "leisure": "pitch"}}, {"type": "Feature", "geometry": {"type": "Polygon", "coordinates": [[[-73.9251629, 40.8082144], [-73.9248984, 40.8081031], [-73.924985, 40.8079853], [-73.9252495, 40.8080966], [-73.9251629, 40.8082144]]]}, "properties": {"osm_id": 1280023792, "sport": "basketball", "leisure": "pitch"}}, {"type": "Feature", "geometry": {"type": "Polygon", "coordinates": [[[-73.8707685, 40.8676018], [-73.870771, 40.8676613], [-73.8708153, 40.8676593], [-73.8708383, 40.8676743], [-73.8708409, 40.8676968], [-73.8708215, 40.8677132], [-73.8707753, 40.8677152], [-73.8707799, 40.8677752], [-73.8708584, 40.8677717], [-73.8709187, 40.86772], [-73.8709147, 40.8676485], [-73.8708456, 40.8675998], [-73.8707685, 40.8676018]]]}, "properties": {"osm_id": 1286031250, "leisure": "pitch"}}, {"type": "Feature", "geometry": {"type": "Polygon", "coordinates": [[[-73.9010343, 40.904875], [-73.9012564, 40.904739], [-73.9011724, 40.9046607], [-73.9009503, 40.9047967], [-73.9010343, 40.904875]]]}, "properties": {"osm_id": 1291940528, "sport": "tennis", "leisure": "pitch"}}, {"type": "Feature", "geometry": {"type": "Polygon", "coordinates": [[[-73.9022681, 40.9034816], [-73.9023256, 40.9035112], [-73.9024172, 40.9034094], [-73.9023596, 40.9033798], [-73.9022681, 40.9034816]]]}, "properties": {"osm_id": 1291940536, "sport": "pickleball", "leisure": "pitch"}}, {"type": "Feature", "geometry": {"type": "Polygon", "coordinates": [[[-73.9176634, 40.8223584], [-73.9173905, 40.8222769], [-73.9174594, 40.8221449], [-73.9177322, 40.8222264], [-73.9176634, 40.8223584]]]}, "properties": {"osm_id": 1299610406, "sport": "basketball", "leisure": "pitch"}}, {"type": "Feature", "geometry": {"type": "Polygon", "coordinates": [[[-73.9182533, 40.8224859], [-73.9179817, 40.8224536], [-73.9180031, 40.8223503], [-73.9182747, 40.8223825], [-73.9182533, 40.8224859]]]}, "properties": {"osm_id": 1299610407, "sport": "basketball", "leisure": "pitch"}}, {"type": "Feature", "geometry": {"type": "Polygon", "coordinates": [[[-73.9182763, 40.8223674], [-73.9180046, 40.8223352], [-73.918026, 40.8222318], [-73.9182977, 40.8222641], [-73.9182763, 40.8223674]]]}, "properties": {"osm_id": 1299610408, "sport": "basketball", "leisure": "pitch"}}, {"type": "Feature", "geometry": {"type": "Polygon", "coordinates": [[[-73.9215698, 40.812016], [-73.9213138, 40.8119114], [-73.9213888, 40.8118064], [-73.9216447, 40.811911], [-73.9215698, 40.812016]]]}, "properties": {"osm_id": 1299896713, "sport": "basketball", "leisure": "pitch"}}, {"type": "Feature", "geometry": {"type": "Polygon", "coordinates": [[[-73.9216626, 40.811898], [-73.9214066, 40.8117933], [-73.9214816, 40.8116883], [-73.9217375, 40.811793], [-73.9216626, 40.811898]]]}, "properties": {"osm_id": 1299896714, "sport": "basketball", "leisure": "pitch"}}, {"type": "Feature", "geometry": {"type": "Polygon", "coordinates": [[[-73.9237587, 40.8110534], [-73.923599, 40.8109862], [-73.9237457, 40.8107863], [-73.9239055, 40.8108535], [-73.9237587, 40.8110534]]]}, "properties": {"osm_id": 1299896746, "sport": "american_handball", "leisure": "pitch"}}, {"type": "Feature", "geometry": {"type": "Polygon", "coordinates": [[[-73.9231187, 40.8109403], [-73.9228937, 40.8108481], [-73.9228605, 40.8108176], [-73.922866, 40.8107836], [-73.9228761, 40.810744], [-73.9230076, 40.8105722], [-73.9230394, 40.8105542], [-73.9230895, 40.8105454], [-73.9233438, 40.8106522], [-73.9233658, 40.8106871], [-73.9233579, 40.8107159], [-73.9232051, 40.8109208], [-73.9231689, 40.8109474], [-73.9231187, 40.8109403]]]}, "properties": {"osm_id": 1299896747, "sport": "running", "leisure": "track"}}, {"type": "Feature", "geometry": {"type": "Polygon", "coordinates": [[[-73.9232065, 40.845666], [-73.9232867, 40.845563], [-73.9230194, 40.8454439], [-73.9229392, 40.8455468], [-73.9232065, 40.845666]]]}, "properties": {"osm_id": 1301435370, "sport": "basketball", "leisure": "pitch"}}, {"type": "Feature", "geometry": {"type": "Polygon", "coordinates": [[[-73.9231463, 40.8456457], [-73.9230796, 40.8457299], [-73.9228457, 40.8456239], [-73.9229124, 40.8455397], [-73.9231463, 40.8456457]]]}, "properties": {"osm_id": 1301435371, "sport": "american_handball", "leisure": "pitch"}}, {"type": "Feature", "geometry": {"type": "Polygon", "coordinates": [[[-73.890684, 40.8435794], [-73.890802, 40.8434408], [-73.8907069, 40.8433945], [-73.890589, 40.8435332], [-73.890684, 40.8435794]]]}, "properties": {"osm_id": 1305350359, "leisure": "pitch"}}, {"type": "Feature", "geometry": {"type": "Polygon", "coordinates": [[[-73.8906854, 40.8436044], [-73.8910383, 40.8431916], [-73.8912893, 40.8433145], [-73.8909363, 40.8437272], [-73.8906854, 40.8436044]]]}, "properties": {"osm_id": 1305350360, "leisure": "pitch"}}, {"type": "Feature", "geometry": {"type": "Polygon", "coordinates": [[[-73.8965078, 40.8276221], [-73.8963787, 40.8275595], [-73.8965276, 40.8273835], [-73.8966568, 40.8274461], [-73.8965078, 40.8276221]]]}, "properties": {"osm_id": 1324432346, "sport": "basketball", "leisure": "pitch"}}, {"type": "Feature", "geometry": {"type": "Polygon", "coordinates": [[[-73.8963655, 40.8275571], [-73.8962364, 40.8274945], [-73.8963853, 40.8273185], [-73.8965144, 40.8273811], [-73.8963655, 40.8275571]]]}, "properties": {"osm_id": 1324432347, "sport": "basketball", "leisure": "pitch"}}, {"type": "Feature", "geometry": {"type": "Polygon", "coordinates": [[[-73.89724, 40.8270165], [-73.8969094, 40.8274075], [-73.8965307, 40.8272232], [-73.8968613, 40.8268295], [-73.89724, 40.8270165]]]}, "properties": {"osm_id": 1324432348, "sport": "soccer", "leisure": "pitch"}}, {"type": "Feature", "geometry": {"type": "Polygon", "coordinates": [[[-73.9003455, 40.8814519], [-73.9004266, 40.8813393], [-73.9006982, 40.8814509], [-73.900609, 40.8815629], [-73.9003455, 40.8814519]]]}, "properties": {"osm_id": 1341069504, "sport": "basketball", "leisure": "pitch"}}, {"type": "Feature", "geometry": {"type": "Polygon", "coordinates": [[[-73.9013506, 40.8807071], [-73.9014539, 40.8806052], [-73.9012112, 40.8804709], [-73.9011099, 40.8805738], [-73.9013506, 40.8807071]]]}, "properties": {"osm_id": 1341070063, "sport": "basketball", "leisure": "pitch"}}, {"type": "Feature", "geometry": {"type": "Polygon", "coordinates": [[[-73.9011847, 40.8804597], [-73.9010708, 40.8803976], [-73.9009554, 40.8805186], [-73.9010693, 40.8805807], [-73.9011847, 40.8804597]]]}, "properties": {"osm_id": 1341070064, "sport": "basketball", "leisure": "pitch"}}, {"type": "Feature", "geometry": {"type": "Polygon", "coordinates": [[[-73.8567487, 40.8383755], [-73.8566288, 40.8383852], [-73.8566126, 40.8382706], [-73.8567324, 40.8382609], [-73.8567487, 40.8383755]]]}, "properties": {"osm_id": 1355118289, "sport": "basketball", "leisure": "pitch"}}, {"type": "Feature", "geometry": {"type": "Polygon", "coordinates": [[[-73.8577034, 40.8363901], [-73.8576152, 40.836339], [-73.8577492, 40.8362064], [-73.8578375, 40.8362575], [-73.8577034, 40.8363901]]]}, "properties": {"osm_id": 1355118322, "sport": "basketball", "leisure": "pitch"}}, {"type": "Feature", "geometry": {"type": "Polygon", "coordinates": [[[-73.8623405, 40.8373548], [-73.8623152, 40.8371939], [-73.8624661, 40.8371804], [-73.8624914, 40.8373413], [-73.8623405, 40.8373548]]]}, "properties": {"osm_id": 1359266016, "sport": "basketball", "leisure": "pitch"}}, {"type": "Feature", "geometry": {"type": "Polygon", "coordinates": [[[-73.8624113, 40.8375256], [-73.8623918, 40.8374107], [-73.8625015, 40.8374001], [-73.8625209, 40.837515], [-73.8624113, 40.8375256]]]}, "properties": {"osm_id": 1359266017, "sport": "basketball", "leisure": "pitch"}}, {"type": "Feature", "geometry": {"type": "Polygon", "coordinates": [[[-73.8494393, 40.8295435], [-73.8494592, 40.8295536], [-73.8494733, 40.8295682], [-73.8494799, 40.8295856], [-73.8494783, 40.8296036], [-73.8494686, 40.8296202], [-73.8493432, 40.8295844], [-73.8493504, 40.8295672], [-73.8493649, 40.8295528], [-73.849385, 40.8295431], [-73.8494083, 40.8295391], [-73.8494393, 40.8295435]]]}, "properties": {"osm_id": 1360461383, "sport": "basketball", "leisure": "pitch"}}, {"type": "Feature", "geometry": {"type": "Polygon", "coordinates": [[[-73.8495421, 40.8294088], [-73.8495148, 40.829294], [-73.8492418, 40.8293312], [-73.849269, 40.8294459], [-73.8495421, 40.8294088]]]}, "properties": {"osm_id": 1360461384, "sport": "basketball", "leisure": "pitch"}}, {"type": "Feature", "geometry": {"type": "Polygon", "coordinates": [[[-73.8979202, 40.8349517], [-73.8977574, 40.8349136], [-73.8978372, 40.8347182], [-73.898, 40.8347563], [-73.8979202, 40.8349517]]]}, "properties": {"osm_id": 1364257810, "sport": "basketball", "leisure": "pitch"}}, {"type": "Feature", "geometry": {"type": "Polygon", "coordinates": [[[-73.8262425, 40.8351927], [-73.8263682, 40.8351633], [-73.8263254, 40.8350541], [-73.8261963, 40.8350834], [-73.8262425, 40.8351927]]]}, "properties": {"osm_id": 1374831209, "sport": "basketball", "leisure": "pitch"}}, {"type": "Feature", "geometry": {"type": "Polygon", "coordinates": [[[-73.8264267, 40.835182], [-73.8265406, 40.8351321], [-73.8264667, 40.8350329], [-73.8263495, 40.8350832], [-73.8264267, 40.835182]]]}, "properties": {"osm_id": 1374831210, "sport": "basketball", "leisure": "pitch"}}, {"type": "Feature", "geometry": {"type": "Polygon", "coordinates": [[[-73.826197, 40.8349389], [-73.8263227, 40.8348774], [-73.8262531, 40.8347959], [-73.8261228, 40.8348557], [-73.826197, 40.8349389]]]}, "properties": {"osm_id": 1374831211, "sport": "basketball", "leisure": "pitch"}}, {"type": "Feature", "geometry": {"type": "Polygon", "coordinates": [[[-73.8263282, 40.8349352], [-73.8263764, 40.8349151], [-73.8263496, 40.8348782], [-73.8263013, 40.8348983], [-73.8263282, 40.8349352]]]}, "properties": {"osm_id": 1374831212, "sport": "four_square", "leisure": "pitch"}}, {"type": "Feature", "geometry": {"type": "Polygon", "coordinates": [[[-73.8265307, 40.8352125], [-73.8265836, 40.8351911], [-73.8265568, 40.8351531], [-73.8265039, 40.8351744], [-73.8265307, 40.8352125]]]}, "properties": {"osm_id": 1374831213, "sport": "four_square", "leisure": "pitch"}}, {"type": "Feature", "geometry": {"type": "Polygon", "coordinates": [[[-73.8886395, 40.8580696], [-73.8883604, 40.8583952], [-73.8882936, 40.8584153], [-73.888204, 40.8583857], [-73.8879204, 40.8582401], [-73.8878838, 40.8581983], [-73.8878964, 40.858131], [-73.8880879, 40.8578988], [-73.8883475, 40.8576231], [-73.8884219, 40.8575849], [-73.8884963, 40.8576014], [-73.8887837, 40.8577488], [-73.8888509, 40.857811], [-73.888832, 40.8578646], [-73.8886395, 40.8580696]]]}, "properties": {"osm_id": 1381566585, "leisure": "track"}}, {"type": "Feature", "geometry": {"type": "Polygon", "coordinates": [[[-73.8616714, 40.8468083], [-73.8617901, 40.8467819], [-73.861711, 40.8465409], [-73.8615815, 40.8465846], [-73.8616714, 40.8468083]]]}, "properties": {"osm_id": 1408410015, "sport": "handball", "leisure": "pitch", "surface": "concrete"}}, {"type": "Feature", "geometry": {"type": "Polygon", "coordinates": [[[-73.8778322, 40.8352645], [-73.8779546, 40.8351296], [-73.8776665, 40.8349799], [-73.877544, 40.8351148], [-73.8778322, 40.8352645]]]}, "properties": {"osm_id": 1425891672, "sport": "basketball", "leisure": "pitch"}}, {"type": "Feature", "geometry": {"type": "Polygon", "coordinates": [[[-73.8932959, 40.8742121], [-73.8931501, 40.8743941], [-73.893261, 40.8744449], [-73.8934068, 40.8742629], [-73.8932959, 40.8742121]]]}, "properties": {"osm_id": 1434484164, "sport": "tennis", "leisure": "pitch"}}, {"type": "Feature", "geometry": {"type": "Polygon", "coordinates": [[[-73.8931471, 40.8741438], [-73.8930014, 40.8743257], [-73.8931122, 40.8743765], [-73.8932581, 40.8741946], [-73.8931471, 40.8741438]]]}, "properties": {"osm_id": 1434484165, "sport": "tennis", "leisure": "pitch"}}, {"type": "Feature", "geometry": {"type": "Polygon", "coordinates": [[[-73.8929989, 40.8740763], [-73.8928531, 40.8742583], [-73.892964, 40.8743091], [-73.8931098, 40.8741271], [-73.8929989, 40.8740763]]]}, "properties": {"osm_id": 1434484166, "sport": "tennis", "leisure": "pitch"}}, {"type": "Feature", "geometry": {"type": "Polygon", "coordinates": [[[-73.8928479, 40.8740085], [-73.8927022, 40.8741905], [-73.892813, 40.8742413], [-73.8929589, 40.8740593], [-73.8928479, 40.8740085]]]}, "properties": {"osm_id": 1434484167, "sport": "tennis", "leisure": "pitch"}}, {"type": "Feature", "geometry": {"type": "Polygon", "coordinates": [[[-73.8926975, 40.8739439], [-73.8925518, 40.8741259], [-73.8926626, 40.8741767], [-73.8928085, 40.8739947], [-73.8926975, 40.8739439]]]}, "properties": {"osm_id": 1434484168, "sport": "tennis", "leisure": "pitch"}}, {"type": "Feature", "geometry": {"type": "Polygon", "coordinates": [[[-73.9131674, 40.817591], [-73.9135007, 40.8168956], [-73.9130312, 40.8167648], [-73.9126897, 40.8174602], [-73.9131674, 40.817591]]]}, "properties": {"osm_id": 1435144718, "sport": "soccer;american_football", "leisure": "pitch"}}, {"type": "Feature", "geometry": {"type": "Polygon", "coordinates": [[[-73.9136567, 40.8166247], [-73.913461, 40.8170188], [-73.9132253, 40.8169698], [-73.9131483, 40.8169173], [-73.9130851, 40.816845], [-73.9130512, 40.8166923], [-73.9130882, 40.8165617], [-73.913139, 40.8164813], [-73.9136567, 40.8166247]]]}, "properties": {"osm_id": 1435144719, "sport": "baseball", "leisure": "pitch"}}, {"type": "Feature", "geometry": {"type": "Polygon", "coordinates": [[[-73.8587054, 40.8626812], [-73.8585908, 40.8627553], [-73.8584199, 40.8626043], [-73.8585344, 40.8625302], [-73.8587054, 40.8626812]]]}, "properties": {"osm_id": 1456781701, "sport": "basketball", "leisure": "pitch"}}, {"type": "Feature", "geometry": {"type": "Polygon", "coordinates": [[[-73.8585616, 40.8627824], [-73.858447, 40.8628565], [-73.8582762, 40.8627055], [-73.8583907, 40.8626313], [-73.8585616, 40.8627824]]]}, "properties": {"osm_id": 1456781702, "sport": "basketball", "leisure": "pitch"}}, {"type": "Feature", "geometry": {"type": "Polygon", "coordinates": [[[-73.9136028, 40.8124104], [-73.9134821, 40.8123699], [-73.9133632, 40.812573], [-73.9134839, 40.8126134], [-73.9136028, 40.8124104]]]}, "properties": {"osm_id": 1460139444, "sport": "tennis", "leisure": "pitch"}}, {"type": "Feature", "geometry": {"type": "Polygon", "coordinates": [[[-73.913761, 40.8124614], [-73.9136403, 40.8124209], [-73.9135214, 40.812624], [-73.9136421, 40.8126644], [-73.913761, 40.8124614]]]}, "properties": {"osm_id": 1460139445, "sport": "tennis", "leisure": "pitch"}}, {"type": "Feature", "geometry": {"type": "Polygon", "coordinates": [[[-73.8405538, 40.8739854], [-73.8405043, 40.8738933], [-73.8402447, 40.8739731], [-73.8402942, 40.8740652], [-73.8405538, 40.8739854]]]}, "properties": {"osm_id": 1485873352, "sport": "tennis", "leisure": "pitch"}}, {"type": "Feature", "geometry": {"type": "Polygon", "coordinates": [[[-73.840493, 40.8738698], [-73.8404435, 40.8737777], [-73.8401839, 40.8738575], [-73.8402334, 40.8739496], [-73.840493, 40.8738698]]]}, "properties": {"osm_id": 1485873353, "sport": "tennis", "leisure": "pitch"}}, {"type": "Feature", "geometry": {"type": "Polygon", "coordinates": [[[-73.8404314, 40.8737525], [-73.8403819, 40.8736604], [-73.8401223, 40.8737402], [-73.8401718, 40.8738323], [-73.8404314, 40.8737525]]]}, "properties": {"osm_id": 1485873354, "sport": "tennis", "leisure": "pitch"}}, {"type": "Feature", "geometry": {"type": "Polygon", "coordinates": [[[-73.8401628, 40.8741033], [-73.8401133, 40.8740112], [-73.8398537, 40.874091], [-73.8399032, 40.8741831], [-73.8401628, 40.8741033]]]}, "properties": {"osm_id": 1485873355, "sport": "tennis", "leisure": "pitch"}}, {"type": "Feature", "geometry": {"type": "Polygon", "coordinates": [[[-73.8400962, 40.873975], [-73.8400467, 40.8738829], [-73.8397871, 40.8739627], [-73.8398366, 40.8740548], [-73.8400962, 40.873975]]]}, "properties": {"osm_id": 1485873356, "sport": "tennis", "leisure": "pitch"}}, {"type": "Feature", "geometry": {"type": "Polygon", "coordinates": [[[-73.8399255, 40.8738419], [-73.8399013, 40.8737965], [-73.8400218, 40.8737597], [-73.840046, 40.8738051], [-73.8399255, 40.8738419]]]}, "properties": {"osm_id": 1485873357, "sport": "pickleball", "leisure": "pitch"}}, {"type": "Feature", "geometry": {"type": "Polygon", "coordinates": [[[-73.8397443, 40.8738973], [-73.8397201, 40.8738519], [-73.8398406, 40.8738152], [-73.8398648, 40.8738605], [-73.8397443, 40.8738973]]]}, "properties": {"osm_id": 1485873358, "sport": "pickleball", "leisure": "pitch"}}, {"type": "Feature", "geometry": {"type": "Polygon", "coordinates": [[[-73.8399909, 40.8737353], [-73.839821, 40.8737863], [-73.8397063, 40.8735677], [-73.8398762, 40.8735167], [-73.8399909, 40.8737353]]]}, "properties": {"osm_id": 1485873359, "sport": "basketball", "leisure": "pitch"}}, {"type": "Feature", "geometry": {"type": "Polygon", "coordinates": [[[-73.8985526, 40.8948544], [-73.8984383, 40.8948095], [-73.898567, 40.8946222], [-73.8986813, 40.8946671], [-73.8985526, 40.8948544]]]}, "properties": {"osm_id": 1525030454, "sport": "tennis", "leisure": "pitch"}}, {"type": "Feature", "geometry": {"type": "Polygon", "coordinates": [[[-73.8984122, 40.8947976], [-73.8982965, 40.8947534], [-73.8984218, 40.8945657], [-73.8985376, 40.8946098], [-73.8984122, 40.8947976]]]}, "properties": {"osm_id": 1525030455, "sport": "tennis", "leisure": "pitch"}}, {"type": "Feature", "geometry": {"type": "Polygon", "coordinates": [[[-73.8982716, 40.8947406], [-73.8981549, 40.8946971], [-73.8982783, 40.8945077], [-73.8983951, 40.8945512], [-73.8982716, 40.8947406]]]}, "properties": {"osm_id": 1525030456, "sport": "tennis", "leisure": "pitch"}}, {"type": "Feature", "geometry": {"type": "Polygon", "coordinates": [[[-73.8981279, 40.8946808], [-73.8980153, 40.8946378], [-73.8981405, 40.8944504], [-73.8982531, 40.8944933], [-73.8981279, 40.8946808]]]}, "properties": {"osm_id": 1525030457, "sport": "tennis", "leisure": "pitch"}}, {"type": "Feature", "geometry": {"type": "Polygon", "coordinates": [[[-73.7928414, 40.868398], [-73.7927059, 40.8683133], [-73.7928857, 40.8681488], [-73.7930212, 40.8682335], [-73.7928414, 40.868398]]]}, "properties": {"osm_id": 1535701773, "sport": "basketball", "leisure": "pitch"}}, {"type": "Feature", "geometry": {"type": "Polygon", "coordinates": [[[-73.7926762, 40.8685511], [-73.7925344, 40.868464], [-73.7926796, 40.8683289], [-73.7928213, 40.8684159], [-73.7926762, 40.8685511]]]}, "properties": {"osm_id": 1535701774, "sport": "basketball", "leisure": "pitch"}}, {"type": "Feature", "geometry": {"type": "Polygon", "coordinates": [[[-73.7925504, 40.8686553], [-73.792355, 40.8688262], [-73.7922197, 40.8687378], [-73.7924152, 40.8685669], [-73.7925504, 40.8686553]]]}, "properties": {"osm_id": 1535701775, "sport": "basketball", "leisure": "pitch"}}, {"type": "Feature", "geometry": {"type": "Polygon", "coordinates": [[[-73.7923092, 40.8688715], [-73.7921747, 40.8687797], [-73.791972, 40.8689494], [-73.7921064, 40.8690413], [-73.7923092, 40.8688715]]]}, "properties": {"osm_id": 1535701776, "sport": "basketball", "leisure": "pitch"}}, {"type": "Feature", "geometry": {"type": "Polygon", "coordinates": [[[-73.7916906, 40.8693355], [-73.7915899, 40.8692574], [-73.791759, 40.8691329], [-73.7918596, 40.869211], [-73.7916906, 40.8693355]]]}, "properties": {"osm_id": 1535701777, "sport": "basketball", "leisure": "pitch"}}, {"type": "Feature", "geometry": {"type": "Polygon", "coordinates": [[[-73.7916587, 40.8693643], [-73.7913319, 40.8695706], [-73.7912013, 40.8694523], [-73.791528, 40.869246], [-73.7916587, 40.8693643]]]}, "properties": {"osm_id": 1535701778, "sport": "tennis", "leisure": "pitch"}}, {"type": "Feature", "geometry": {"type": "Polygon", "coordinates": [[[-73.7918672, 40.8695583], [-73.7915405, 40.8697646], [-73.7914098, 40.8696464], [-73.7917365, 40.86944], [-73.7918672, 40.8695583]]]}, "properties": {"osm_id": 1535701779, "sport": "tennis", "leisure": "pitch"}}, {"type": "Feature", "geometry": {"type": "Polygon", "coordinates": [[[-73.7920346, 40.8697019], [-73.7917078, 40.8699082], [-73.7915772, 40.8697899], [-73.7919039, 40.8695835], [-73.7920346, 40.8697019]]]}, "properties": {"osm_id": 1535701780, "sport": "tennis", "leisure": "pitch"}}, {"type": "Feature", "geometry": {"type": "Polygon", "coordinates": [[[-73.7929862, 40.8689443], [-73.7927742, 40.8691246], [-73.7926381, 40.8690331], [-73.7928501, 40.8688527], [-73.7929862, 40.8689443]]]}, "properties": {"osm_id": 1535701781, "sport": "handball", "leisure": "pitch"}}, {"type": "Feature", "geometry": {"type": "Polygon", "coordinates": [[[-73.7928012, 40.8688092], [-73.7925892, 40.8689895], [-73.7924531, 40.868898], [-73.7926651, 40.8687177], [-73.7928012, 40.8688092]]]}, "properties": {"osm_id": 1535701782, "sport": "handball", "leisure": "pitch"}}, {"type": "Feature", "geometry": {"type": "Polygon", "coordinates": [[[-73.7925116, 40.869056], [-73.7922912, 40.8692305], [-73.7921595, 40.8691354], [-73.7923798, 40.8689608], [-73.7925116, 40.869056]]]}, "properties": {"osm_id": 1535701783, "sport": "handball", "leisure": "pitch"}}, {"type": "Feature", "geometry": {"type": "Polygon", "coordinates": [[[-73.792694, 40.8691928], [-73.7924742, 40.8693677], [-73.7923422, 40.8692729], [-73.7925619, 40.8690979], [-73.792694, 40.8691928]]]}, "properties": {"osm_id": 1535701784, "sport": "handball", "leisure": "pitch"}}, {"type": "Feature", "geometry": {"type": "Polygon", "coordinates": [[[-73.7931053, 40.868813], [-73.793027, 40.8687639], [-73.7931609, 40.8686417], [-73.7932392, 40.8686908], [-73.7931053, 40.868813]]]}, "properties": {"osm_id": 1535701785, "sport": "volleyball", "leisure": "pitch"}}, {"type": "Feature", "geometry": {"type": "Polygon", "coordinates": [[[-73.7922978, 40.8695019], [-73.7920683, 40.8696695], [-73.7919418, 40.8695705], [-73.7921712, 40.8694028], [-73.7922978, 40.8695019]]]}, "properties": {"osm_id": 1535701786, "sport": "handball", "leisure": "pitch"}}, {"type": "Feature", "geometry": {"type": "Polygon", "coordinates": [[[-73.7917674, 40.8694301], [-73.7919919, 40.8692587], [-73.7921213, 40.8693556], [-73.7918968, 40.8695271], [-73.7917674, 40.8694301]]]}, "properties": {"osm_id": 1535701787, "sport": "handball", "leisure": "pitch"}}, {"type": "Feature", "geometry": {"type": "Polygon", "coordinates": [[[-73.7921688, 40.8695856], [-73.7921197, 40.8695483], [-73.7920079, 40.8696325], [-73.792057, 40.8696697], [-73.7921688, 40.8695856]]]}, "properties": {"osm_id": 1535701788, "sport": "pickleball", "leisure": "pitch"}}, {"type": "Feature", "geometry": {"type": "Polygon", "coordinates": [[[-73.7921109, 40.869533], [-73.7920618, 40.8694957], [-73.79195, 40.8695798], [-73.7919991, 40.8696171], [-73.7921109, 40.869533]]]}, "properties": {"osm_id": 1535701789, "sport": "pickleball", "leisure": "pitch"}}, {"type": "Feature", "geometry": {"type": "Polygon", "coordinates": [[[-73.7919808, 40.8696771], [-73.791936, 40.8696369], [-73.7918153, 40.8697138], [-73.7918602, 40.869754], [-73.7919808, 40.8696771]]]}, "properties": {"osm_id": 1535701790, "sport": "pickleball", "leisure": "pitch"}}, {"type": "Feature", "geometry": {"type": "Polygon", "coordinates": [[[-73.7918106, 40.8697864], [-73.7917658, 40.8697461], [-73.7916451, 40.869823], [-73.7916899, 40.8698632], [-73.7918106, 40.8697864]]]}, "properties": {"osm_id": 1535701791, "sport": "pickleball", "leisure": "pitch"}}, {"type": "Feature", "geometry": {"type": "Polygon", "coordinates": [[[-73.7918091, 40.8695312], [-73.7917642, 40.869491], [-73.7916436, 40.8695679], [-73.7916884, 40.8696081], [-73.7918091, 40.8695312]]]}, "properties": {"osm_id": 1535701792, "sport": "pickleball", "leisure": "pitch"}}, {"type": "Feature", "geometry": {"type": "Polygon", "coordinates": [[[-73.7916479, 40.8696388], [-73.7916031, 40.8695985], [-73.7914825, 40.8696754], [-73.7915273, 40.8697156], [-73.7916479, 40.8696388]]]}, "properties": {"osm_id": 1535701793, "sport": "pickleball", "leisure": "pitch"}}, {"type": "Feature", "geometry": {"type": "Polygon", "coordinates": [[[-73.7915203, 40.8700308], [-73.7915328, 40.8699914], [-73.7914037, 40.8698444], [-73.7913511, 40.8698447], [-73.7908803, 40.8700887], [-73.7908701, 40.8701327], [-73.7909854, 40.8702693], [-73.7910354, 40.8702763], [-73.7915203, 40.8700308]]]}, "properties": {"osm_id": 1535701794, "sport": "soccer", "leisure": "pitch"}}, {"type": "Feature", "geometry": {"type": "Polygon", "coordinates": [[[-73.8958168, 40.8701765], [-73.8956629, 40.870109], [-73.8958054, 40.869923], [-73.8959593, 40.8699905], [-73.8958168, 40.8701765]]]}, "properties": {"osm_id": 1545580483, "leisure": "pitch"}}, {"type": "Feature", "geometry": {"type": "Polygon", "coordinates": [[[-73.8304224, 40.8712132], [-73.8302326, 40.8711539], [-73.8303834, 40.8708777], [-73.8305733, 40.870937], [-73.8304224, 40.8712132]]]}, "properties": {"osm_id": 1546137515, "sport": "american_handball", "leisure": "pitch"}}, {"type": "Feature", "geometry": {"type": "Polygon", "coordinates": [[[-73.9049014, 40.8356781], [-73.9046834, 40.8356105], [-73.9047396, 40.8355067], [-73.9049576, 40.8355744], [-73.9049014, 40.8356781]]]}, "properties": {"osm_id": 1546375565, "sport": "basketball", "leisure": "pitch"}}, {"type": "Feature", "geometry": {"type": "Polygon", "coordinates": [[[-73.9052937, 40.8359574], [-73.9050199, 40.8358714], [-73.9050328, 40.8358479], [-73.9049065, 40.8358083], [-73.9050325, 40.8355786], [-73.9054326, 40.8357043], [-73.9052937, 40.8359574]]]}, "properties": {"osm_id": 1546375566, "leisure": "pitch"}}, {"type": "Feature", "geometry": {"type": "Polygon", "coordinates": [[[-73.7929875, 40.8687386], [-73.7929092, 40.8686895], [-73.7930431, 40.8685673], [-73.7931214, 40.8686164], [-73.7929875, 40.8687386]]]}, "properties": {"osm_id": 1547941557, "sport": "volleyball", "leisure": "pitch"}}, {"type": "Feature", "geometry": {"type": "Polygon", "coordinates": [[[-73.7928704, 40.8686648], [-73.7927921, 40.8686157], [-73.792926, 40.8684935], [-73.7930043, 40.8685426], [-73.7928704, 40.8686648]]]}, "properties": {"osm_id": 1547941558, "sport": "volleyball", "leisure": "pitch"}}, {"type": "Feature", "geometry": {"type": "Polygon", "coordinates": [[[-73.7930406, 40.8685193], [-73.7929622, 40.8684702], [-73.7930961, 40.868348], [-73.7931744, 40.8683971], [-73.7930406, 40.8685193]]]}, "properties": {"osm_id": 1547941559, "sport": "volleyball", "leisure": "pitch"}}, {"type": "Feature", "geometry": {"type": "Polygon", "coordinates": [[[-73.7931549, 40.8685915], [-73.7930766, 40.8685424], [-73.7932105, 40.8684202], [-73.7932888, 40.8684693], [-73.7931549, 40.8685915]]]}, "properties": {"osm_id": 1547941560, "sport": "volleyball", "leisure": "pitch"}}, {"type": "Feature", "geometry": {"type": "Polygon", "coordinates": [[[-73.7932728, 40.8686655], [-73.7931945, 40.8686164], [-73.7933284, 40.8684942], [-73.7934067, 40.8685433], [-73.7932728, 40.8686655]]]}, "properties": {"osm_id": 1547941561, "sport": "volleyball", "leisure": "pitch"}}, {"type": "Feature", "geometry": {"type": "Polygon", "coordinates": [[[-73.9107791, 40.8117797], [-73.911392, 40.8107489], [-73.9113468, 40.8107297], [-73.9113105, 40.8107808], [-73.9113025, 40.8107526], [-73.9112909, 40.8107322], [-73.9112695, 40.8107098], [-73.9112373, 40.8106804], [-73.9112, 40.8106593], [-73.9111519, 40.8106425], [-73.9111032, 40.8106344], [-73.9110513, 40.8106343], [-73.9110034, 40.8106408], [-73.9109548, 40.8106543], [-73.9109131, 40.8106751], [-73.91088, 40.8107027], [-73.9108487, 40.810743], [-73.9105459, 40.8115226], [-73.9105398, 40.8115572], [-73.91054, 40.8115814], [-73.9105494, 40.811609], [-73.9105617, 40.8116318], [-73.9105792, 40.8116512], [-73.9106036, 40.8116687], [-73.9106326, 40.8116827], [-73.9106572, 40.8116915], [-73.9106842, 40.8116979], [-73.9107163, 40.8116994], [-73.9107404, 40.8116986], [-73.9107729, 40.8116928], [-73.9107315, 40.8117641], [-73.9107791, 40.8117797]], [[-73.9108225, 40.8116114], [-73.911242, 40.8109038], [-73.911261, 40.8108664], [-73.9112686, 40.8108345], [-73.9112689, 40.8108015], [-73.9112578, 40.8107705], [-73.9112329, 40.8107387], [-73.9112036, 40.8107141], [-73.9111656, 40.8106932], [-73.9111367, 40.8106811], [-73.9110974, 40.8106762], [-73.9110554, 40.8106765], [-73.9110218, 40.8106803], [-73.9109817, 40.8106899], [-73.9109554, 40.8107031], [-73.9109205, 40.8107279], [-73.9108992, 40.8107507], [-73.9108807, 40.8107952], [-73.9105979, 40.8115263], [-73.9105928, 40.8115523], [-73.9105923, 40.81158], [-73.9106015, 40.8116021], [-73.9106139, 40.8116219], [-73.9106372, 40.8116392], [-73.9106697, 40.811654], [-73.9106996, 40.8116595], [-73.9107289, 40.8116596], [-73.9107486, 40.8116566], [-73.910772, 40.8116487], [-73.9107986, 40.8116327], [-73.9108225, 40.8116114]]]}, "properties": {"osm_id": 1537467, "sport": "running", "leisure": "track", "surface": "rubber"}}, {"type": "Feature", "geometry": {"type": "Polygon", "coordinates": [[[-73.9298893, 40.8280593], [-73.9299376, 40.8280187], [-73.9299751, 40.8279731], [-73.9299993, 40.8279335], [-73.9300167, 40.8278949], [-73.9300315, 40.8278493], [-73.9300355, 40.8278127], [-73.9300341, 40.8277691], [-73.9300274, 40.8277336], [-73.9300154, 40.827695], [-73.9299966, 40.8276514], [-73.9299778, 40.8276209], [-73.9299551, 40.8275909], [-73.9299256, 40.8275615], [-73.929888, 40.82753], [-73.9298397, 40.8274992], [-73.9297915, 40.8274762], [-73.9297418, 40.8274545], [-73.9296828, 40.8274383], [-73.9296144, 40.8274271], [-73.9295608, 40.8273555], [-73.9295344, 40.8273672], [-73.9279474, 40.8280699], [-73.9280144, 40.8281547], [-73.9280466, 40.8281425], [-73.9280319, 40.8281872], [-73.9280238, 40.828241], [-73.9280278, 40.8282937], [-73.9280386, 40.8283364], [-73.9280533, 40.8283739], [-73.9280721, 40.8284084], [-73.928095, 40.8284423], [-73.9281258, 40.8284778], [-73.9281646, 40.8285119], [-73.9282143, 40.8285464], [-73.9282759, 40.8285779], [-73.9283323, 40.8285992], [-73.9283926, 40.8286134], [-73.9284624, 40.828625], [-73.928524, 40.8286266], [-73.9285911, 40.8286235], [-73.9286595, 40.8286103], [-73.9287239, 40.82859], [-73.9298075, 40.8281101], [-73.9298504, 40.8280857], [-73.9298893, 40.8280593]], [[-73.9298099, 40.8279992], [-73.9298476, 40.8279675], [-73.9298762, 40.8279327], [-73.929895, 40.8279019], [-73.9299089, 40.8278711], [-73.9299204, 40.8278356], [-73.9299232, 40.8278102], [-73.9299221, 40.8277761], [-73.9299171, 40.8277494], [-73.9299073, 40.827718], [-73.929892, 40.8276826], [-73.9298781, 40.82766], [-73.9298613, 40.8276378], [-73.9298391, 40.8276157], [-73.9298099, 40.8275912], [-73.9297733, 40.8275679], [-73.9297335, 40.8275489], [-73.9296942, 40.8275317], [-73.9296516, 40.82752], [-73.9295635, 40.8275105], [-73.9294886, 40.8275127], [-73.9294229, 40.8275237], [-73.9293769, 40.8275409], [-73.9283136, 40.8280109], [-73.9282649, 40.8280372], [-73.9282288, 40.8280638], [-73.9281895, 40.828105], [-73.9281601, 40.8281542], [-73.9281425, 40.8282023], [-73.9281364, 40.8282433], [-73.9281394, 40.8282833], [-73.9281477, 40.8283163], [-73.9281592, 40.8283456], [-73.9281741, 40.8283729], [-73.9281921, 40.8283996], [-73.9282156, 40.8284266], [-73.9282454, 40.8284528], [-73.9282839, 40.8284796], [-73.9283326, 40.8285044], [-73.9283743, 40.8285202], [-73.9284213, 40.8285312], [-73.9284765, 40.8285404], [-73.9285226, 40.8285416], [-73.9285737, 40.8285393], [-73.9286239, 40.8285296], [-73.9286737, 40.8285139], [-73.9297453, 40.8280392], [-73.9297792, 40.82802], [-73.9298099, 40.8279992]]]}, "properties": {"osm_id": 2435396, "sport": "running", "leisure": "track", "surface": "mondotrack"}}, {"type": "Feature", "geometry": {"type": "Polygon", "coordinates": [[[-73.9277023, 40.826401], [-73.9281495, 40.8263417], [-73.9286661, 40.8266959], [-73.9289699, 40.8268587], [-73.9289794, 40.8269799], [-73.9286719, 40.8271702], [-73.9281812, 40.8275584], [-73.9276249, 40.8275683], [-73.927396, 40.8277902], [-73.9266922, 40.8275557], [-73.9266616, 40.8274825], [-73.9268822, 40.8271092], [-73.926936, 40.8270181], [-73.9268743, 40.826777], [-73.927162, 40.8262807], [-73.9272691, 40.8262486], [-73.9275571, 40.82635], [-73.9277023, 40.826401]], [[-73.9288709, 40.8270076], [-73.9289413, 40.8269675], [-73.9289389, 40.8268784], [-73.9288638, 40.8268353], [-73.9288187, 40.8268861], [-73.9285271, 40.8266792], [-73.928486, 40.8266918], [-73.9284496, 40.8267073], [-73.9284054, 40.8267336], [-73.9283698, 40.8267611], [-73.9283437, 40.8267869], [-73.9283255, 40.8268144], [-73.9283058, 40.8268515], [-73.9282947, 40.826882], [-73.92829, 40.826931], [-73.9282923, 40.8269591], [-73.9282995, 40.8269908], [-73.9283129, 40.8270261], [-73.9283334, 40.8270578], [-73.9283595, 40.8270865], [-73.9283959, 40.8271188], [-73.9284251, 40.8271397], [-73.9284639, 40.8271583], [-73.9285042, 40.8271708], [-73.9285476, 40.8271846], [-73.9288235, 40.8269615], [-73.9288709, 40.8270076]], [[-73.9272925, 40.8263128], [-73.9273067, 40.8262883], [-73.9272601, 40.8262727], [-73.9272174, 40.8262823], [-73.9271818, 40.8263349], [-73.9272, 40.8263415], [-73.9270877, 40.8265311], [-73.9271099, 40.826549], [-73.9271304, 40.8265634], [-73.9271478, 40.8265736], [-73.927181, 40.8265897], [-73.927219, 40.8266011], [-73.9272474, 40.8266059], [-73.9272774, 40.8266088], [-73.927313, 40.8266082], [-73.9273502, 40.8266041], [-73.9273754, 40.8265987], [-73.9273992, 40.8265921], [-73.9274229, 40.8265825], [-73.927449, 40.8265706], [-73.9274695, 40.8265568], [-73.9274901, 40.8265401], [-73.9275074, 40.8265227], [-73.9275209, 40.8265006], [-73.9275367, 40.8264749], [-73.9275406, 40.8264545], [-73.9275446, 40.8264336], [-73.9275454, 40.8264133], [-73.9275438, 40.8263977], [-73.9272925, 40.8263128]]]}, "properties": {"osm_id": 3242443, "sport": "baseball", "leisure": "pitch", "name": "Heritage Field"}}, {"type": "Feature", "geometry": {"type": "Polygon", "coordinates": [[[-73.9286393, 40.8270697], [-73.9286543, 40.8270733], [-73.9288132, 40.8269447], [-73.9288069, 40.8269304], [-73.9288037, 40.8269196], [-73.9288077, 40.82691], [-73.9288108, 40.8269022], [-73.9286401, 40.826782], [-73.9286283, 40.8267874], [-73.9286164, 40.826788], [-73.9286038, 40.8267874], [-73.9285911, 40.8267856], [-73.9284338, 40.8269154], [-73.9284409, 40.8269298], [-73.9284425, 40.8269381], [-73.9284401, 40.8269477], [-73.9284362, 40.8269555], [-73.9286053, 40.8270727], [-73.928618, 40.8270709], [-73.9286267, 40.8270697], [-73.9286393, 40.8270697]], [[-73.928631, 40.8269516], [-73.9286414, 40.8269527], [-73.9286517, 40.826951], [-73.9286603, 40.8269471], [-73.9286669, 40.8269414], [-73.9286707, 40.8269344], [-73.9286713, 40.8269268], [-73.9286688, 40.8269194], [-73.9286633, 40.826913], [-73.9286554, 40.8269083], [-73.9286459, 40.8269058], [-73.9286359, 40.8269056], [-73.9286259, 40.826908], [-73.9286175, 40.8269128], [-73.9286117, 40.8269194], [-73.9286091, 40.8269271], [-73.92861, 40.826935], [-73.9286143, 40.8269423], [-73.9286216, 40.826948], [-73.928631, 40.8269516]]]}, "properties": {"osm_id": 3242444, "sport": "baseball", "leisure": "pitch"}}, {"type": "Feature", "geometry": {"type": "Polygon", "coordinates": [[[-73.926353, 40.8301806], [-73.9264548, 40.8300487], [-73.9267552, 40.8298528], [-73.9270647, 40.8295397], [-73.927076, 40.8295195], [-73.9270813, 40.8294986], [-73.9270806, 40.8294767], [-73.9270764, 40.8294553], [-73.9270657, 40.829434], [-73.9270506, 40.8294144], [-73.9270295, 40.8293978], [-73.9270039, 40.8293838], [-73.9265379, 40.8292277], [-73.926149, 40.8291665], [-73.9259935, 40.8290976], [-73.9259542, 40.8291205], [-73.9256394, 40.8295261], [-73.9256126, 40.8295717], [-73.9255938, 40.8296188], [-73.925588, 40.8296671], [-73.9255898, 40.8297148], [-73.9256005, 40.8297655], [-73.9256189, 40.8298146], [-73.9256438, 40.8298643], [-73.9256725, 40.829905], [-73.9257015, 40.8299354], [-73.9257422, 40.8299712], [-73.9257945, 40.8300069], [-73.9258436, 40.8300321], [-73.9261463, 40.830167], [-73.9261687, 40.8301748], [-73.9261932, 40.8301803], [-73.9262463, 40.8301859], [-73.9263005, 40.8301847], [-73.926353, 40.8301806]], [[-73.926916, 40.8294485], [-73.9265669, 40.8292928], [-73.9265419, 40.8293044], [-73.9265185, 40.8293183], [-73.9264963, 40.8293341], [-73.9264768, 40.8293508], [-73.926458, 40.8293682], [-73.9264416, 40.8293868], [-73.9264272, 40.8294065], [-73.9264159, 40.829428], [-73.9264076, 40.8294488], [-73.9264008, 40.82947], [-73.9263959, 40.8294909], [-73.9263934, 40.8295123], [-73.9263935, 40.8295354], [-73.9263967, 40.8295576], [-73.9264013, 40.829578], [-73.9264084, 40.8295977], [-73.9264172, 40.8296175], [-73.9264285, 40.8296364], [-73.9264412, 40.8296554], [-73.9264567, 40.829673], [-73.9264726, 40.8296904], [-73.9264912, 40.8297054], [-73.9265114, 40.8297202], [-73.926533, 40.8297343], [-73.9265558, 40.8297454], [-73.9265797, 40.8297559], [-73.9266045, 40.8297648], [-73.9266305, 40.8297728], [-73.9266569, 40.8297784], [-73.9266833, 40.8297828], [-73.92671, 40.8297856], [-73.9267356, 40.8297871], [-73.9269411, 40.8295218], [-73.9269529, 40.8295237], [-73.9269723, 40.8295219], [-73.9269898, 40.8295152], [-73.9270034, 40.8295046], [-73.9270115, 40.8294911], [-73.9270132, 40.8294764], [-73.9270083, 40.829462], [-73.9269974, 40.8294497], [-73.9269843, 40.8294419], [-73.9269687, 40.8294373], [-73.9269521, 40.8294362], [-73.9269358, 40.8294387], [-73.9269211, 40.8294446], [-73.926916, 40.8294485]]]}, "properties": {"osm_id": 3418429, "sport": "baseball;soccer;american_football", "leisure": "pitch", "surface": "grass"}}, {"type": "Feature", "geometry": {"type": "Polygon", "coordinates": [[[-73.8771763, 40.878229], [-73.8780737, 40.8775098], [-73.8781004, 40.8774856], [-73.878126, 40.8774555], [-73.8781459, 40.8774265], [-73.878163, 40.8773923], [-73.8781754, 40.8773587], [-73.8781836, 40.877324], [-73.8781811, 40.8772699], [-73.8781737, 40.8772264], [-73.8781523, 40.8771823], [-73.8781203, 40.8771322], [-73.878089, 40.8770983], [-73.8780541, 40.8770693], [-73.8780029, 40.8770408], [-73.8779482, 40.8770171], [-73.877904, 40.8770026], [-73.8778173, 40.876987], [-73.8777105, 40.8769875], [-73.877623, 40.8770053], [-73.8775612, 40.87703], [-73.8775085, 40.8770618], [-73.8774907, 40.8770736], [-73.8766143, 40.8777782], [-73.8765809, 40.8778067], [-73.8765602, 40.8778358], [-73.8765389, 40.8778675], [-73.8765211, 40.877903], [-73.8765069, 40.877945], [-73.8765047, 40.8779945], [-73.8765076, 40.878031], [-73.8765176, 40.8780735], [-73.8765292, 40.8781018], [-73.8765446, 40.8781289], [-73.8765683, 40.878161], [-73.8766001, 40.8781897], [-73.8766435, 40.878222], [-73.8766911, 40.8782489], [-73.8767438, 40.8782736], [-73.8767957, 40.8782887], [-73.8768329, 40.8782955], [-73.8768732, 40.8783005], [-73.8769154, 40.8783014], [-73.8769636, 40.8782984], [-73.8770026, 40.8782943], [-73.877039, 40.878286], [-73.877069, 40.8782783], [-73.877098, 40.8782684], [-73.8771394, 40.8782514], [-73.8771763, 40.878229]], [[-73.8766013, 40.8778691], [-73.876586, 40.8778971], [-73.8765795, 40.8779148], [-73.876569, 40.8779525], [-73.8765655, 40.8779924], [-73.876573, 40.8780499], [-73.8765906, 40.8780917], [-73.8766223, 40.8781377], [-73.8766721, 40.8781822], [-73.8767113, 40.8782058], [-73.8767465, 40.8782226], [-73.8767835, 40.8782373], [-73.8768371, 40.8782489], [-73.8768796, 40.8782545], [-73.8769201, 40.8782556], [-73.876954, 40.8782537], [-73.8769835, 40.8782503], [-73.8770159, 40.8782448], [-73.8770443, 40.8782366], [-73.8770763, 40.8782255], [-73.8771047, 40.8782119], [-73.8771339, 40.8781963], [-73.8780318, 40.8774778], [-73.8780569, 40.8774535], [-73.8780871, 40.8774143], [-73.8781052, 40.8773865], [-73.8781178, 40.8773508], [-73.8781248, 40.8773002], [-73.8781203, 40.877242], [-73.8780977, 40.877196], [-73.8780695, 40.8771526], [-73.8780232, 40.8771108], [-73.8779629, 40.8770743], [-73.877896, 40.8770492], [-73.8778316, 40.8770359], [-73.8777491, 40.8770332], [-73.8776776, 40.8770446], [-73.8776062, 40.8770644], [-73.8775494, 40.8770963], [-73.8766409, 40.8778232], [-73.8766188, 40.8778456], [-73.8766013, 40.8778691]]]}, "properties": {"osm_id": 3727644, "sport": "running", "leisure": "track", "surface": "mondotrack"}}, {"type": "Feature", "geometry": {"type": "Polygon", "coordinates": [[[-73.8885181, 40.8809858], [-73.888579, 40.8810099], [-73.8886378, 40.8810276], [-73.8886991, 40.8810393], [-73.8887619, 40.8810449], [-73.8888252, 40.8810442], [-73.8888877, 40.8810372], [-73.8889486, 40.8810241], [-73.8890066, 40.8810052], [-73.8890609, 40.8809807], [-73.8891105, 40.880951], [-73.8891545, 40.8809166], [-73.8891922, 40.8808783], [-73.8892229, 40.8808365], [-73.8892462, 40.880792], [-73.8892616, 40.8807457], [-73.8892688, 40.8806982], [-73.8892678, 40.8806504], [-73.889262, 40.8806108], [-73.8892522, 40.8805775], [-73.8892305, 40.8805274], [-73.8887883, 40.8797491], [-73.8887538, 40.8797054], [-73.8887117, 40.8796658], [-73.8886627, 40.879631], [-73.8886079, 40.8796016], [-73.8885482, 40.8795782], [-73.8885244, 40.8795719], [-73.8884848, 40.8795613], [-73.888419, 40.8795511], [-73.8883519, 40.8795479], [-73.8882848, 40.8795517], [-73.8882191, 40.8795625], [-73.888156, 40.87958], [-73.8880967, 40.8796039], [-73.8880424, 40.8796338], [-73.887994, 40.8796691], [-73.8879524, 40.8797091], [-73.8879186, 40.879753], [-73.8878932, 40.8798], [-73.8878765, 40.8798493], [-73.8878366, 40.8797819], [-73.8877406, 40.8798164], [-73.8882379, 40.8806799], [-73.8885919, 40.8812946], [-73.888681, 40.8812626], [-73.8885181, 40.8809858]], [[-73.8891911, 40.8806539], [-73.8891865, 40.8806254], [-73.8891739, 40.8805917], [-73.8891499, 40.8805407], [-73.8887294, 40.8798055], [-73.8886986, 40.8797632], [-73.8886636, 40.8797251], [-73.8886214, 40.8796916], [-73.8885729, 40.8796633], [-73.8885193, 40.8796409], [-73.8884617, 40.879625], [-73.8884016, 40.879616], [-73.8883404, 40.8796139], [-73.8882795, 40.879619], [-73.8882204, 40.8796311], [-73.8881644, 40.8796498], [-73.8881128, 40.8796748], [-73.8880668, 40.8797054], [-73.8880276, 40.879741], [-73.8879961, 40.8797807], [-73.8879729, 40.8798236], [-73.8879587, 40.8798687], [-73.8879537, 40.8799148], [-73.8879566, 40.8799586], [-73.8879639, 40.879993], [-73.887973, 40.8800189], [-73.8884141, 40.8807904], [-73.8884415, 40.8808336], [-73.8884701, 40.8808655], [-73.8885086, 40.8808974], [-73.8885527, 40.8809248], [-73.8886015, 40.8809472], [-73.8886539, 40.8809643], [-73.8887091, 40.8809756], [-73.8887657, 40.8809809], [-73.8888228, 40.8809801], [-73.8888792, 40.8809733], [-73.8889337, 40.8809606], [-73.8889853, 40.8809422], [-73.889033, 40.8809184], [-73.8890758, 40.8808899], [-73.8891129, 40.880857], [-73.8891435, 40.8808206], [-73.889167, 40.8807812], [-73.8891829, 40.8807398], [-73.889191, 40.880697], [-73.8891911, 40.8806539]]]}, "properties": {"osm_id": 4066905, "sport": "athletics", "leisure": "track"}}, {"type": "Feature", "geometry": {"type": "Polygon", "coordinates": [[[-73.9107372, 40.8573909], [-73.9107794, 40.8573497], [-73.9108274, 40.8573122], [-73.9108805, 40.8572789], [-73.9109381, 40.8572503], [-73.9109713, 40.8572375], [-73.9109996, 40.8572266], [-73.9110641, 40.8572082], [-73.9111309, 40.8571953], [-73.9111992, 40.857188], [-73.9112681, 40.8571864], [-73.9113368, 40.8571905], [-73.9114046, 40.8572004], [-73.9114704, 40.8572158], [-73.9115337, 40.8572366], [-73.9115935, 40.8572625], [-73.9116492, 40.8572933], [-73.9117001, 40.8573285], [-73.9117455, 40.8573677], [-73.911785, 40.8574104], [-73.911818, 40.8574562], [-73.9118442, 40.8575045], [-73.9118632, 40.8575546], [-73.9118715, 40.8575968], [-73.9118915, 40.8575987], [-73.9119971, 40.8574167], [-73.9120694, 40.8574425], [-73.9114091, 40.8585507], [-73.9113081, 40.8585217], [-73.9112473, 40.8585462], [-73.911189, 40.858565], [-73.9111284, 40.8585792], [-73.9110662, 40.8585886], [-73.9110031, 40.8585932], [-73.9109397, 40.858593], [-73.9108767, 40.8585878], [-73.9108147, 40.8585778], [-73.9107543, 40.8585631], [-73.9106963, 40.8585438], [-73.9106411, 40.8585201], [-73.9105895, 40.8584923], [-73.9105418, 40.8584606], [-73.9104987, 40.8584255], [-73.9104605, 40.8583872], [-73.9104277, 40.8583462], [-73.9104006, 40.8583028], [-73.9103794, 40.8582576], [-73.9103645, 40.858211], [-73.9103559, 40.8581635], [-73.9103538, 40.8581156], [-73.9103581, 40.8580677], [-73.9103686, 40.8580155], [-73.9104043, 40.8579331], [-73.9104609, 40.8578382], [-73.910707, 40.8574243], [-73.9107372, 40.8573909]], [[-73.9114179, 40.8583684], [-73.9113807, 40.8584005], [-73.9113308, 40.8584359], [-73.9112753, 40.8584663], [-73.9112152, 40.8584911], [-73.9111514, 40.85851], [-73.911085, 40.8585228], [-73.911017, 40.858529], [-73.9109485, 40.8585288], [-73.9108806, 40.8585221], [-73.9108144, 40.8585089], [-73.9107509, 40.8584895], [-73.9106911, 40.8584643], [-73.9106359, 40.8584335], [-73.9105864, 40.8583978], [-73.9105432, 40.8583576], [-73.910507, 40.8583136], [-73.9104784, 40.8582665], [-73.9104579, 40.8582171], [-73.9104458, 40.8581661], [-73.9104422, 40.8581144], [-73.9104473, 40.8580627], [-73.910461, 40.8580119], [-73.9104725, 40.8579847], [-73.910773, 40.8574764], [-73.9108087, 40.8574317], [-73.9108517, 40.8573908], [-73.9109011, 40.8573543], [-73.9109563, 40.8573228], [-73.9110164, 40.8572969], [-73.9110802, 40.857277], [-73.9111469, 40.8572633], [-73.9112154, 40.8572562], [-73.9112845, 40.8572557], [-73.9113531, 40.8572618], [-73.9114201, 40.8572745], [-73.9114845, 40.8572935], [-73.9115452, 40.8573185], [-73.9116011, 40.8573492], [-73.9116515, 40.857385], [-73.9116955, 40.8574253], [-73.9117323, 40.8574695], [-73.9117615, 40.8575169], [-73.9117824, 40.8575667], [-73.9117948, 40.8576181], [-73.9117985, 40.8576703], [-73.9117934, 40.8577224], [-73.9117875, 40.857756], [-73.911771, 40.8577876], [-73.9114793, 40.8582946], [-73.9114488, 40.8583355], [-73.9114179, 40.8583684]]]}, "properties": {"osm_id": 4066948, "sport": "athletics", "leisure": "track", "name": "Ohio Field"}}, {"type": "Feature", "geometry": {"type": "Polygon", "coordinates": [[[-73.9097046, 40.8586722], [-73.9096839, 40.8586614], [-73.9096969, 40.858646], [-73.9096833, 40.8586466], [-73.9096665, 40.8586453], [-73.9096493, 40.8586415], [-73.9095085, 40.8585689], [-73.909497, 40.8585567], [-73.909491, 40.8585439], [-73.9094871, 40.8585312], [-73.9094871, 40.8585181], [-73.9094923, 40.8585047], [-73.9094995, 40.8584958], [-73.909716, 40.8582515], [-73.9097304, 40.8582425], [-73.9097472, 40.8582364], [-73.9097631, 40.8582345], [-73.9097777, 40.8582342], [-73.9097963, 40.8582342], [-73.9098092, 40.858239], [-73.9099548, 40.8583128], [-73.9099619, 40.8583205], [-73.9099664, 40.8583278], [-73.9099695, 40.8583359], [-73.9099711, 40.8583427], [-73.9099875, 40.8583251], [-73.910007, 40.858336], [-73.9097046, 40.8586722]], [[-73.9097973, 40.8582546], [-73.909937, 40.8583254], [-73.9099445, 40.8583351], [-73.9099487, 40.8583449], [-73.9099495, 40.8583565], [-73.9099474, 40.8583697], [-73.9097237, 40.8586179], [-73.9097109, 40.8586248], [-73.9096988, 40.8586279], [-73.9096838, 40.8586285], [-73.9096709, 40.8586276], [-73.9096597, 40.8586251], [-73.9095254, 40.8585559], [-73.9095183, 40.8585484], [-73.9095138, 40.8585386], [-73.9095109, 40.8585292], [-73.9095109, 40.8585207], [-73.9095142, 40.8585122], [-73.90952, 40.858505], [-73.9097337, 40.8582638], [-73.9097433, 40.8582578], [-73.9097545, 40.8582537], [-73.9097653, 40.8582524], [-73.9097778, 40.8582521], [-73.9097907, 40.8582521], [-73.9097973, 40.8582546]]]}, "properties": {"osm_id": 4066950, "leisure": "track"}}, {"type": "Feature", "geometry": {"type": "Polygon", "coordinates": [[[-73.8854739, 40.8649599], [-73.885471, 40.8649787], [-73.8854672, 40.8649959], [-73.8854607, 40.8650113], [-73.8854534, 40.8650248], [-73.8854353, 40.8650451], [-73.8854132, 40.8650623], [-73.8851216, 40.865219], [-73.8850958, 40.8652268], [-73.8850727, 40.8652311], [-73.8850497, 40.865234], [-73.8850256, 40.8652342], [-73.8850036, 40.8652321], [-73.8849854, 40.8652292], [-73.8849674, 40.8652246], [-73.8849518, 40.8652205], [-73.884942, 40.8652165], [-73.8849322, 40.8652124], [-73.8849027, 40.8651946], [-73.8844873, 40.8647524], [-73.8844777, 40.8647315], [-73.8844709, 40.8647142], [-73.884468, 40.8646921], [-73.8844674, 40.8646753], [-73.884471, 40.8646611], [-73.884476, 40.8646458], [-73.8844854, 40.8646297], [-73.8844964, 40.8646151], [-73.8845071, 40.8646041], [-73.884517, 40.8645955], [-73.8845307, 40.8645855], [-73.8848227, 40.8644247], [-73.8848545, 40.8644149], [-73.8848778, 40.8644117], [-73.8848934, 40.8644105], [-73.8849102, 40.86441], [-73.8849292, 40.8644111], [-73.8849544, 40.8644159], [-73.8849726, 40.8644194], [-73.8849963, 40.8644264], [-73.8850167, 40.8644359], [-73.8850374, 40.8644481], [-73.8855164, 40.8649525], [-73.8855752, 40.8650143], [-73.8855413, 40.8650326], [-73.8854739, 40.8649599]], [[-73.8853847, 40.8650363], [-73.8851035, 40.8651918], [-73.88508, 40.8651983], [-73.8850554, 40.8652024], [-73.8850285, 40.8652031], [-73.885004, 40.8652009], [-73.8849769, 40.8651946], [-73.8849574, 40.8651862], [-73.8849425, 40.8651781], [-73.8849316, 40.8651694], [-73.8845346, 40.8647528], [-73.8845232, 40.8647385], [-73.884517, 40.864728], [-73.8845116, 40.8647135], [-73.8845087, 40.8647017], [-73.8845082, 40.864685], [-73.8845098, 40.8646699], [-73.8845163, 40.8646531], [-73.8845259, 40.8646362], [-73.8845394, 40.8646225], [-73.8845593, 40.8646057], [-73.8848328, 40.8644568], [-73.8848592, 40.8644481], [-73.8848838, 40.864443], [-73.8849117, 40.8644416], [-73.8849394, 40.864444], [-73.8849674, 40.8644508], [-73.8849899, 40.8644585], [-73.8850071, 40.8644695], [-73.8850202, 40.8644811], [-73.8854173, 40.8648999], [-73.8854251, 40.8649141], [-73.8854315, 40.8649341], [-73.885435, 40.8649503], [-73.8854338, 40.8649727], [-73.8854277, 40.8649906], [-73.8854089, 40.8650172], [-73.8853847, 40.8650363]]]}, "properties": {"osm_id": 4642235, "sport": "running", "leisure": "track"}}, {"type": "Feature", "geometry": {"type": "Polygon", "coordinates": [[[-73.8226379, 40.8496278], [-73.8225823, 40.8496449], [-73.8225243, 40.8496566], [-73.8224648, 40.8496627], [-73.8224048, 40.8496632], [-73.8223452, 40.8496579], [-73.8222869, 40.8496471], [-73.8222308, 40.8496309], [-73.8221779, 40.8496095], [-73.8221289, 40.8495832], [-73.8220847, 40.8495525], [-73.8220458, 40.8495179], [-73.822013, 40.8494799], [-73.8219868, 40.8494391], [-73.8219674, 40.8493961], [-73.8219554, 40.8493516], [-73.8219507, 40.8493063], [-73.8219536, 40.849261], [-73.821964, 40.8492163], [-73.8219816, 40.8491729], [-73.8219985, 40.8491445], [-73.8219514, 40.8491623], [-73.8219052, 40.8490903], [-73.8236246, 40.8484776], [-73.8236689, 40.8485502], [-73.8236129, 40.8485702], [-73.8236717, 40.8485838], [-73.8237306, 40.8486044], [-73.8237852, 40.8486308], [-73.8238346, 40.8486627], [-73.8238777, 40.8486993], [-73.8239139, 40.8487401], [-73.8239424, 40.8487842], [-73.8239626, 40.8488308], [-73.8239743, 40.8488791], [-73.8239772, 40.8489281], [-73.8239713, 40.848977], [-73.8239566, 40.8490248], [-73.8239334, 40.8490706], [-73.8239021, 40.8491136], [-73.8238635, 40.849153], [-73.823818, 40.8491881], [-73.8237667, 40.8492181], [-73.8226379, 40.8496278]], [[-73.8233846, 40.8486486], [-73.8234537, 40.8486356], [-73.8234964, 40.8486364], [-73.8235584, 40.8486394], [-73.8236188, 40.8486501], [-73.8236761, 40.8486683], [-73.8237285, 40.8486934], [-73.8237748, 40.8487247], [-73.8238135, 40.8487614], [-73.8238437, 40.8488025], [-73.8238644, 40.8488468], [-73.8238751, 40.848893], [-73.8238756, 40.84894], [-73.8238657, 40.8489863], [-73.8238459, 40.8490308], [-73.8238165, 40.8490722], [-73.8237785, 40.8491094], [-73.8237328, 40.8491412], [-73.8236809, 40.8491669], [-73.8225732, 40.8495619], [-73.8225201, 40.849576], [-73.8224647, 40.8495839], [-73.8224084, 40.8495855], [-73.8223524, 40.8495806], [-73.8222981, 40.8495695], [-73.8222465, 40.8495523], [-73.822199, 40.8495295], [-73.8221565, 40.8495015], [-73.82212, 40.849469], [-73.8220904, 40.8494327], [-73.8220683, 40.8493935], [-73.8220543, 40.8493523], [-73.8220486, 40.8493099], [-73.8220513, 40.8492673], [-73.8220625, 40.8492255], [-73.8220818, 40.8491855], [-73.8221089, 40.8491481], [-73.8221431, 40.8491142], [-73.8221835, 40.8490846], [-73.8222295, 40.8490599], [-73.8233846, 40.8486486]]]}, "properties": {"osm_id": 5293720, "sport": "running", "leisure": "track", "surface": "mondotrack"}}, {"type": "Feature", "geometry": {"type": "Polygon", "coordinates": [[[-73.8800923, 40.7877081], [-73.8801556, 40.7877562], [-73.8800991, 40.7877989], [-73.8801737, 40.7877944], [-73.8802585, 40.7877966], [-73.8803347, 40.7878067], [-73.8804105, 40.7878313], [-73.8804685, 40.7878576], [-73.8805219, 40.7878909], [-73.8805665, 40.7879229], [-73.8806073, 40.7879603], [-73.880633, 40.7879994], [-73.8806549, 40.7880433], [-73.8806712, 40.7880876], [-73.8806768, 40.7881401], [-73.8806756, 40.7881903], [-73.8806677, 40.788233], [-73.8806449, 40.7882809], [-73.8806218, 40.7883215], [-73.8805796, 40.7883709], [-73.8805402, 40.7884103], [-73.8797783, 40.789065], [-73.8797217, 40.7891056], [-73.8796419, 40.7891464], [-73.8795599, 40.7891755], [-73.879482, 40.7891882], [-73.8794082, 40.7891909], [-73.8793499, 40.7891866], [-73.8792892, 40.7891761], [-73.8792175, 40.7891553], [-73.8791547, 40.7891248], [-73.8790914, 40.7890875], [-73.8790421, 40.7890498], [-73.8790038, 40.7890026], [-73.8789755, 40.7889539], [-73.8789561, 40.7889096], [-73.8789464, 40.7888584], [-73.8789427, 40.788809], [-73.8789092, 40.7888412], [-73.8788353, 40.7887976], [-73.8790888, 40.7885705], [-73.8800923, 40.7877081]], [[-73.8796746, 40.7890409], [-73.8796337, 40.7890649], [-73.879594, 40.7890846], [-73.8795464, 40.7890997], [-73.8794824, 40.7891142], [-73.8794139, 40.7891168], [-73.8793508, 40.789112], [-73.8792809, 40.7890954], [-73.8792184, 40.7890675], [-73.8791649, 40.7890387], [-73.879121, 40.7890006], [-73.8790871, 40.7889638], [-73.8790639, 40.7889183], [-73.879048, 40.7888654], [-73.8790468, 40.7888162], [-73.8790561, 40.7887721], [-73.8790727, 40.7887258], [-73.8791091, 40.7886759], [-73.8799213, 40.7879679], [-73.8799724, 40.7879317], [-73.8800301, 40.7879013], [-73.8800955, 40.7878822], [-73.8801605, 40.7878733], [-73.8802204, 40.7878697], [-73.8802823, 40.7878754], [-73.8803481, 40.7878921], [-73.8804113, 40.7879184], [-73.8804626, 40.787948], [-73.8805072, 40.7879865], [-73.8805398, 40.7880302], [-73.880566, 40.7880838], [-73.8805764, 40.7881443], [-73.8805744, 40.7882004], [-73.8805545, 40.7882565], [-73.8805201, 40.7883079], [-73.8804643, 40.7883613], [-73.8796746, 40.7890409]]]}, "properties": {"osm_id": 6502341, "sport": "running", "leisure": "track"}}, {"type": "Feature", "geometry": {"type": "Polygon", "coordinates": [[[-73.9269034, 40.8294615], [-73.9267072, 40.829374], [-73.9266866, 40.8293988], [-73.9266433, 40.8294075], [-73.9265384, 40.8295416], [-73.926554, 40.8295805], [-73.9267251, 40.8296569], [-73.9267729, 40.8296501], [-73.9268062, 40.8296641], [-73.926923, 40.8295156], [-73.9269171, 40.8295128], [-73.9269048, 40.8295013], [-73.9268989, 40.8294895], [-73.9268976, 40.8294769], [-73.9269012, 40.8294646], [-73.9269034, 40.8294615]], [[-73.9267322, 40.8294997], [-73.926742, 40.8294968], [-73.9267525, 40.8294965], [-73.9267622, 40.8294988], [-73.9267705, 40.8295033], [-73.9267765, 40.8295095], [-73.9267795, 40.8295168], [-73.9267793, 40.8295245], [-73.9267758, 40.8295318], [-73.9267695, 40.8295378], [-73.926761, 40.829542], [-73.9267511, 40.8295439], [-73.9267406, 40.8295433], [-73.926731, 40.82954], [-73.9267233, 40.8295346], [-73.9267184, 40.8295275], [-73.9267168, 40.8295196], [-73.9267188, 40.8295118], [-73.9267241, 40.8295049], [-73.9267322, 40.8294997]]]}, "properties": {"osm_id": 9526083, "sport": "baseball", "leisure": "pitch", "surface": "grass"}}, {"type": "Feature", "geometry": {"type": "Polygon", "coordinates": [[[-73.8849284, 40.8149552], [-73.8849252, 40.8149404], [-73.8848918, 40.8149435], [-73.8849621, 40.8152051], [-73.8849671, 40.8152145], [-73.8849742, 40.815223], [-73.8849825, 40.81523], [-73.88499, 40.8152346], [-73.8849994, 40.8152396], [-73.8850096, 40.815244], [-73.8850183, 40.8152469], [-73.8850279, 40.8152488], [-73.8850389, 40.8152498], [-73.885048, 40.8152504], [-73.8850609, 40.8152496], [-73.8851404, 40.815238], [-73.8851565, 40.8152322], [-73.8851665, 40.8152269], [-73.8851756, 40.8152205], [-73.8851848, 40.8152121], [-73.8851919, 40.8152031], [-73.8851966, 40.8151944], [-73.8852003, 40.8151832], [-73.8852014, 40.8151723], [-73.8852003, 40.8151609], [-73.8851972, 40.8151489], [-73.8851484, 40.8149621], [-73.8851422, 40.8149531], [-73.8851346, 40.8149451], [-73.8851269, 40.814939], [-73.8851185, 40.8149333], [-73.8851058, 40.8149267], [-73.8850952, 40.8149234], [-73.8850842, 40.8149213], [-73.8850734, 40.8149194], [-73.885059, 40.814918], [-73.8850421, 40.8149188], [-73.8849689, 40.8149307], [-73.8849547, 40.8149364], [-73.8849458, 40.8149402], [-73.8849347, 40.814948], [-73.8849284, 40.8149552]], [[-73.8849893, 40.8151856], [-73.8849922, 40.8151965], [-73.8849982, 40.8152045], [-73.8850084, 40.8152132], [-73.8850179, 40.8152189], [-73.8850281, 40.8152229], [-73.8850409, 40.8152248], [-73.8850561, 40.8152237], [-73.8851288, 40.8152129], [-73.885144, 40.8152078], [-73.8851525, 40.8152026], [-73.8851577, 40.8151979], [-73.8851627, 40.8151921], [-73.8851661, 40.8151863], [-73.8851675, 40.8151804], [-73.885169, 40.815172], [-73.8851685, 40.8151653], [-73.8851186, 40.8149724], [-73.8851136, 40.8149649], [-73.8851063, 40.8149575], [-73.8850976, 40.8149521], [-73.8850891, 40.8149479], [-73.8850781, 40.814945], [-73.8850675, 40.8149435], [-73.8850548, 40.8149445], [-73.884977, 40.8149562], [-73.8849666, 40.8149604], [-73.8849611, 40.8149639], [-73.884954, 40.8149692], [-73.8849496, 40.8149753], [-73.8849445, 40.8149825], [-73.8849408, 40.81499], [-73.8849399, 40.8149965], [-73.8849893, 40.8151856]]]}, "properties": {"osm_id": 10115490, "sport": "running", "leisure": "track"}}, {"type": "Feature", "geometry": {"type": "Polygon", "coordinates": [[[-73.8853556, 40.8150934], [-73.8852046, 40.8151151], [-73.8851555, 40.8149191], [-73.8853065, 40.8148974], [-73.8853143, 40.8149288], [-73.8853172, 40.8149401], [-73.8853465, 40.815057], [-73.8853476, 40.8150614], [-73.8853556, 40.8150934]], [[-73.8853227, 40.8150526], [-73.8852184, 40.8150674], [-73.8851895, 40.8149596], [-73.8852954, 40.8149438], [-73.8853227, 40.8150526]]]}, "properties": {"osm_id": 10115491, "leisure": "pitch"}}, {"type": "Feature", "geometry": {"type": "Polygon", "coordinates": [[[-73.8983742, 40.8875622], [-73.8976789, 40.8889549], [-73.8975796, 40.8889248], [-73.8976191, 40.8888468], [-73.8975646, 40.8888708], [-73.8975076, 40.8888892], [-73.8974477, 40.8888996], [-73.8973963, 40.8889034], [-73.8973481, 40.8889034], [-73.8972965, 40.8888986], [-73.8972336, 40.8888875], [-73.8972029, 40.8888775], [-73.8971816, 40.8888706], [-73.89714, 40.8888534], [-73.8971041, 40.8888338], [-73.8970671, 40.8888079], [-73.8970348, 40.8887818], [-73.8970052, 40.8887497], [-73.8969789, 40.8887104], [-73.8969587, 40.8886706], [-73.8969473, 40.8886263], [-73.8969428, 40.8885894], [-73.8969428, 40.8885463], [-73.8969476, 40.8885138], [-73.8969583, 40.888479], [-73.897412, 40.8875651], [-73.8974502, 40.8875129], [-73.897494, 40.8874696], [-73.8975397, 40.8874372], [-73.8975973, 40.8874081], [-73.8976556, 40.8873881], [-73.8977249, 40.8873718], [-73.8977925, 40.8873649], [-73.8978536, 40.8873665], [-73.8979226, 40.8873774], [-73.8979808, 40.8873901], [-73.8980387, 40.8874119], [-73.8980927, 40.8874409], [-73.898138, 40.8874728], [-73.8981728, 40.8875079], [-73.8981964, 40.8875404], [-73.8982188, 40.8875744], [-73.8982371, 40.8876126], [-73.8982758, 40.8875343], [-73.8983742, 40.8875622]], [[-73.8981674, 40.8877342], [-73.8981694, 40.8876944], [-73.8981659, 40.8876528], [-73.8981517, 40.8876058], [-73.8981302, 40.8875701], [-73.8981016, 40.887536], [-73.898059, 40.8875004], [-73.8980144, 40.8874725], [-73.8979748, 40.8874561], [-73.8979304, 40.8874407], [-73.8978875, 40.8874318], [-73.8978366, 40.8874255], [-73.8977821, 40.8874269], [-73.8977237, 40.8874346], [-73.8976671, 40.8874501], [-73.8976161, 40.8874711], [-73.8975628, 40.8875002], [-73.8975243, 40.887534], [-73.8974983, 40.8875656], [-73.8974741, 40.8876084], [-73.8970289, 40.8885088], [-73.8970204, 40.8885514], [-73.8970208, 40.8886012], [-73.8970324, 40.8886498], [-73.8970502, 40.8886862], [-73.8970739, 40.8887199], [-73.8971079, 40.8887502], [-73.8971418, 40.8887757], [-73.8971809, 40.8887992], [-73.8972213, 40.8888158], [-73.8972622, 40.8888291], [-73.8973142, 40.8888401], [-73.8973681, 40.8888437], [-73.8974189, 40.8888419], [-73.8974617, 40.8888357], [-73.8975097, 40.8888237], [-73.8975571, 40.8888066], [-73.8975967, 40.8887858], [-73.897633, 40.888761], [-73.8976582, 40.8887376], [-73.8976783, 40.8887156], [-73.8976962, 40.8886894], [-73.8981541, 40.8877805], [-73.8981674, 40.8877342]]]}, "properties": {"osm_id": 13443039, "sport": "running", "leisure": "track", "surface": "rubber"}}, {"type": "Feature", "geometry": {"type": "Polygon", "coordinates": [[[-73.8442907, 40.8847019], [-73.843937, 40.8849552], [-73.8439528, 40.8849675], [-73.8439615, 40.8849613], [-73.8439627, 40.8849678], [-73.8439656, 40.8849757], [-73.8439717, 40.8849834], [-73.844119, 40.8851019], [-73.8441291, 40.8851078], [-73.844142, 40.8851111], [-73.8441536, 40.8851127], [-73.8441667, 40.8851126], [-73.8441783, 40.88511], [-73.8441902, 40.8851058], [-73.8444611, 40.8849136], [-73.8444712, 40.8849058], [-73.8444773, 40.8848986], [-73.8444819, 40.8848885], [-73.8444841, 40.8848777], [-73.8444834, 40.8848691], [-73.8444795, 40.8848609], [-73.8444756, 40.8848548], [-73.8444698, 40.8848479], [-73.8443222, 40.884729], [-73.844314, 40.8847251], [-73.8443038, 40.8847229], [-73.8442944, 40.8847219], [-73.844305, 40.8847138], [-73.8442907, 40.8847019]], [[-73.8442602, 40.8847457], [-73.8439903, 40.8849396], [-73.8439862, 40.8849444], [-73.8439843, 40.884951], [-73.8439838, 40.8849592], [-73.8439855, 40.8849664], [-73.8439898, 40.8849724], [-73.8441308, 40.8850865], [-73.8441388, 40.8850919], [-73.8441459, 40.8850946], [-73.8441534, 40.8850957], [-73.8441635, 40.8850962], [-73.8441713, 40.8850948], [-73.8441795, 40.8850913], [-73.8444482, 40.8848984], [-73.844454, 40.8848937], [-73.8444577, 40.884888], [-73.8444608, 40.8848814], [-73.844462, 40.8848742], [-73.8444599, 40.8848671], [-73.8444562, 40.8848622], [-73.8443174, 40.8847471], [-73.8443096, 40.8847424], [-73.8443021, 40.8847389], [-73.8442939, 40.8847371], [-73.8442844, 40.8847367], [-73.8442748, 40.8847387], [-73.8442675, 40.8847413], [-73.8442602, 40.8847457]]]}, "properties": {"osm_id": 13517674, "sport": "running", "leisure": "track"}}, {"type": "Feature", "geometry": {"type": "Polygon", "coordinates": [[[-73.8420383, 40.885418], [-73.8420236, 40.8853715], [-73.8416958, 40.8846215], [-73.8416675, 40.8845632], [-73.841631, 40.8845116], [-73.8415895, 40.88447], [-73.8415416, 40.8844362], [-73.8414821, 40.8843999], [-73.8414207, 40.8843737], [-73.8413461, 40.8843538], [-73.8412684, 40.8843426], [-73.8412021, 40.884342], [-73.8411403, 40.8843465], [-73.8410838, 40.8843541], [-73.8410161, 40.8843715], [-73.8409623, 40.8843911], [-73.8409112, 40.8844187], [-73.8408592, 40.8844557], [-73.8408112, 40.884502], [-73.8407743, 40.8845516], [-73.8407518, 40.8845882], [-73.8407371, 40.8846242], [-73.84071, 40.8845623], [-73.8406341, 40.8845818], [-73.8410805, 40.8855926], [-73.8411038, 40.8856344], [-73.841134, 40.8856758], [-73.8411763, 40.8857173], [-73.8412134, 40.8857472], [-73.8412591, 40.8857795], [-73.8413164, 40.8858071], [-73.8413877, 40.8858298], [-73.8414608, 40.8858441], [-73.8415392, 40.8858505], [-73.8416143, 40.8858474], [-73.8416841, 40.8858373], [-73.8417481, 40.8858181], [-73.8418056, 40.8857952], [-73.8418572, 40.8857682], [-73.8418994, 40.88574], [-73.8419386, 40.8857081], [-73.8419731, 40.885669], [-73.8420038, 40.8856217], [-73.8420251, 40.885576], [-73.8420371, 40.8855285], [-73.8420428, 40.8854889], [-73.8420432, 40.8854502], [-73.8420383, 40.885418]], [[-73.8416207, 40.8846458], [-73.8416004, 40.8846031], [-73.8415746, 40.8845613], [-73.8415455, 40.8845262], [-73.8415031, 40.884491], [-73.8414533, 40.8844604], [-73.841409, 40.8844386], [-73.841353, 40.8844194], [-73.8413021, 40.8844088], [-73.8412431, 40.8844029], [-73.8411889, 40.8844032], [-73.8411266, 40.8844091], [-73.8410679, 40.8844224], [-73.8410134, 40.8844422], [-73.8409732, 40.8844623], [-73.8409285, 40.8844885], [-73.8408902, 40.8845214], [-73.8408611, 40.8845521], [-73.8408345, 40.8845908], [-73.8408161, 40.8846299], [-73.8408065, 40.8846669], [-73.8408017, 40.8847026], [-73.8408017, 40.8847433], [-73.8408098, 40.8847843], [-73.841158, 40.8855757], [-73.8411806, 40.8856141], [-73.8412071, 40.8856514], [-73.8412421, 40.8856851], [-73.8412742, 40.8857105], [-73.841312, 40.8857348], [-73.8413526, 40.8857537], [-73.8414017, 40.8857704], [-73.8414527, 40.8857829], [-73.8415086, 40.8857893], [-73.8415582, 40.88579], [-73.8416078, 40.8857881], [-73.8416532, 40.8857808], [-73.841702, 40.8857691], [-73.841748, 40.8857514], [-73.8417886, 40.8857318], [-73.8418261, 40.8857081], [-73.8418622, 40.8856825], [-73.8418864, 40.8856586], [-73.841913, 40.8856273], [-73.8419333, 40.8855938], [-73.8419468, 40.8855657], [-73.8419586, 40.8855292], [-73.8419626, 40.8854981], [-73.8419643, 40.8854693], [-73.841962, 40.8854382], [-73.8419555, 40.8854079], [-73.8416207, 40.8846458]]]}, "properties": {"osm_id": 13517675, "sport": "running", "leisure": "track"}}, {"type": "Feature", "geometry": {"type": "Polygon", "coordinates": [[[-73.9070634, 40.8878598], [-73.9070114, 40.8878473], [-73.9069759, 40.8879341], [-73.9069608, 40.8879114], [-73.9069437, 40.8878953], [-73.90692, 40.8878777], [-73.9068845, 40.887856], [-73.9068466, 40.8878366], [-73.9068042, 40.8878191], [-73.9067602, 40.8878035], [-73.9067171, 40.8877921], [-73.9066757, 40.8877834], [-73.9066352, 40.8877778], [-73.9065853, 40.8877724], [-73.9065386, 40.8877713], [-73.9064964, 40.8877721], [-73.9064513, 40.8877758], [-73.9064152, 40.8877841], [-73.9063886, 40.8877954], [-73.9063485, 40.8877859], [-73.9059321, 40.8888083], [-73.9059737, 40.8888187], [-73.9059924, 40.8888407], [-73.9060194, 40.8888653], [-73.9060509, 40.8888861], [-73.9060941, 40.88891], [-73.906131, 40.8889266], [-73.9061707, 40.8889411], [-73.9062174, 40.888955], [-73.9062608, 40.8889646], [-73.9063003, 40.8889711], [-73.9063476, 40.8889768], [-73.9063909, 40.8889793], [-73.9064388, 40.8889792], [-73.9064829, 40.8889766], [-73.9065259, 40.8889692], [-73.9065575, 40.8889581], [-73.9065414, 40.888999], [-73.9065934, 40.8890116], [-73.9070634, 40.8878598]], [[-73.9069475, 40.8880033], [-73.9069488, 40.8879869], [-73.9069463, 40.8879672], [-73.9069398, 40.8879499], [-73.9069286, 40.8879325], [-73.9069104, 40.8879148], [-73.9068775, 40.887893], [-73.9068345, 40.8878696], [-73.9067894, 40.8878498], [-73.9067376, 40.8878314], [-73.9066983, 40.8878216], [-73.9066418, 40.8878108], [-73.906587, 40.8878048], [-73.9065411, 40.8878039], [-73.906502, 40.8878047], [-73.9064664, 40.8878072], [-73.9064369, 40.8878121], [-73.9064125, 40.8878211], [-73.9063935, 40.8878315], [-73.9063755, 40.8878461], [-73.9063651, 40.8878606], [-73.9063552, 40.8878775], [-73.9060034, 40.8887371], [-73.9059998, 40.8887531], [-73.9059992, 40.8887677], [-73.9060019, 40.8887864], [-73.9060089, 40.8888014], [-73.9060159, 40.8888134], [-73.9060241, 40.8888243], [-73.9060383, 40.8888371], [-73.9060605, 40.8888531], [-73.9060942, 40.8888728], [-73.9061377, 40.8888939], [-73.9061733, 40.8889086], [-73.9062228, 40.8889235], [-73.9062649, 40.8889329], [-73.9063168, 40.8889427], [-73.906372, 40.888948], [-73.9064205, 40.8889486], [-73.9064712, 40.888946], [-73.9065058, 40.8889398], [-73.9065368, 40.8889295], [-73.9065596, 40.8889156], [-73.9065749, 40.8889014], [-73.9065899, 40.8888782], [-73.9069438, 40.8880151], [-73.9069475, 40.8880033]]]}, "properties": {"osm_id": 13642459, "sport": "running", "leisure": "track"}}, {"type": "Feature", "geometry": {"type": "Polygon", "coordinates": [[[-73.8418277, 40.8999419], [-73.8401423, 40.9003238], [-73.8401015, 40.9002363], [-73.8400223, 40.9002123], [-73.8399591, 40.9001645], [-73.8399055, 40.9001202], [-73.8398649, 40.9000693], [-73.8398479, 40.9000263], [-73.8398348, 40.8999818], [-73.8398325, 40.8999136], [-73.8398492, 40.8998009], [-73.8399092, 40.8997202], [-73.8398887, 40.8996472], [-73.8415731, 40.8992815], [-73.8416009, 40.899358], [-73.8417359, 40.8994147], [-73.8418286, 40.8994949], [-73.8418827, 40.8996319], [-73.8418733, 40.8997773], [-73.8418033, 40.8998642], [-73.8418277, 40.8999419]], [[-73.8416497, 40.899898], [-73.8415866, 40.8999296], [-73.8403768, 40.9002045], [-73.8402496, 40.9002089], [-73.8401577, 40.9001945], [-73.8400738, 40.9001674], [-73.8399674, 40.9000876], [-73.8399172, 40.9000013], [-73.8399069, 40.8999039], [-73.8399466, 40.8997936], [-73.8400559, 40.8997056], [-73.8401444, 40.8996684], [-73.8413569, 40.8993988], [-73.8414532, 40.899397], [-73.8416497, 40.899898]]]}, "properties": {"osm_id": 14057694, "sport": "running", "leisure": "track"}}, {"type": "Feature", "geometry": {"type": "Polygon", "coordinates": [[[-73.8305219, 40.8748747], [-73.8305829, 40.8748774], [-73.8306484, 40.8748737], [-73.8307123, 40.874863], [-73.8307736, 40.8748459], [-73.8308366, 40.8748193], [-73.8308863, 40.874791], [-73.8309358, 40.874755], [-73.8309821, 40.8747122], [-73.8309818, 40.8748033], [-73.831048, 40.8748034], [-73.8310523, 40.8733982], [-73.8308486, 40.8733979], [-73.8308261, 40.8733878], [-73.8307812, 40.8733701], [-73.830731, 40.8733558], [-73.8306754, 40.8733438], [-73.8306218, 40.8733376], [-73.830569, 40.8733361], [-73.8305251, 40.873339], [-73.8304806, 40.8733446], [-73.830419, 40.8733583], [-73.8303636, 40.8733768], [-73.8303164, 40.8733974], [-73.8302818, 40.8734166], [-73.8302502, 40.873439], [-73.8302145, 40.8734668], [-73.8301855, 40.8734951], [-73.8301602, 40.8735262], [-73.8301404, 40.8735565], [-73.830125, 40.8735903], [-73.8301112, 40.8736332], [-73.8301037, 40.8736839], [-73.8301036, 40.8745225], [-73.8301065, 40.8745596], [-73.830116, 40.8745939], [-73.8301255, 40.8746257], [-73.8301415, 40.8746583], [-73.8301632, 40.8746914], [-73.8301916, 40.8747247], [-73.8302282, 40.874758], [-73.8302662, 40.8747875], [-73.8303088, 40.8748132], [-73.8303522, 40.8748346], [-73.8304075, 40.8748532], [-73.8304559, 40.8748655], [-73.8305219, 40.8748747]], [[-73.8309803, 40.8736968], [-73.830982, 40.874501], [-73.830979, 40.874542], [-73.8309722, 40.8745794], [-73.8309589, 40.8746197], [-73.8309385, 40.8746565], [-73.8309116, 40.8746919], [-73.8308805, 40.8747216], [-73.8308429, 40.8747497], [-73.8308003, 40.8747739], [-73.8307542, 40.8747945], [-73.8306932, 40.8748126], [-73.8306416, 40.8748226], [-73.8305891, 40.8748265], [-73.8305306, 40.8748252], [-73.8304837, 40.8748194], [-73.8304313, 40.8748052], [-73.8303856, 40.8747881], [-73.8303498, 40.8747694], [-73.8303161, 40.8747484], [-73.8302824, 40.8747245], [-73.8302521, 40.8746981], [-73.8302308, 40.8746726], [-73.8302052, 40.8746374], [-73.8301872, 40.8746026], [-73.8301779, 40.8745665], [-73.8301727, 40.874529], [-73.8301691, 40.8736863], [-73.8301755, 40.8736463], [-73.830185, 40.8736142], [-73.830199, 40.8735846], [-73.8302221, 40.8735463], [-73.8302513, 40.8735133], [-73.830281, 40.8734852], [-73.8303115, 40.8734622], [-73.8303453, 40.8734425], [-73.8303894, 40.873422], [-73.8304388, 40.8734055], [-73.8304825, 40.8733952], [-73.8305295, 40.873388], [-73.8305814, 40.8733855], [-73.8306378, 40.8733899], [-73.8307017, 40.8734008], [-73.8307528, 40.873416], [-73.8307998, 40.8734363], [-73.8308472, 40.873465], [-73.8308867, 40.8734958], [-73.8309189, 40.873527], [-73.8309428, 40.8735634], [-73.8309638, 40.8736049], [-73.8309757, 40.8736488], [-73.8309803, 40.8736968]]]}, "properties": {"osm_id": 14114097, "sport": "running", "leisure": "track"}}, {"type": "Feature", "geometry": {"type": "Polygon", "coordinates": [[[-73.898761, 40.8230394], [-73.8987367, 40.8230559], [-73.8982987, 40.8230461], [-73.8982688, 40.823012], [-73.8982817, 40.822714], [-73.8982992, 40.8227024], [-73.89832, 40.8226948], [-73.8987467, 40.8226996], [-73.8987817, 40.8227217], [-73.8987721, 40.82302], [-73.898761, 40.8230394]], [[-73.8987372, 40.8230186], [-73.8987241, 40.8230267], [-73.8983235, 40.8230198], [-73.8983134, 40.8230106], [-73.8983143, 40.8227335], [-73.8983287, 40.822723], [-73.898729, 40.8227266], [-73.8987458, 40.8227372], [-73.8987372, 40.8230186]]]}, "properties": {"osm_id": 16093234, "sport": "running", "leisure": "track"}}, {"type": "Feature", "geometry": {"type": "Polygon", "coordinates": [[[-73.8735427, 40.8293695], [-73.8734862, 40.8291331], [-73.8735198, 40.8291442], [-73.8735575, 40.8291514], [-73.8735951, 40.8291554], [-73.873641, 40.829156], [-73.873687, 40.8291507], [-73.8737314, 40.8291401], [-73.8737742, 40.8291257], [-73.8738109, 40.8291075], [-73.8738393, 40.8290873], [-73.8738609, 40.8290664], [-73.873875, 40.829043], [-73.8738821, 40.8290238], [-73.8738863, 40.8290008], [-73.8738869, 40.8289819], [-73.8738848, 40.8289623], [-73.8738097, 40.8286381], [-73.8738014, 40.828611], [-73.8737927, 40.8285933], [-73.8737787, 40.8285725], [-73.8737638, 40.8285562], [-73.8737404, 40.8285375], [-73.8737109, 40.8285231], [-73.8736753, 40.828511], [-73.8736329, 40.8285029], [-73.8735861, 40.8284998], [-73.8735396, 40.8285008], [-73.8734939, 40.8285071], [-73.8734507, 40.8285191], [-73.8734169, 40.8285321], [-73.8733844, 40.8285483], [-73.8733575, 40.828567], [-73.8733017, 40.828327], [-73.8732256, 40.8283364], [-73.8734683, 40.8293802], [-73.8735427, 40.8293695]], [[-73.8734614, 40.8290217], [-73.8733817, 40.8286841], [-73.8733806, 40.8286621], [-73.8733865, 40.8286408], [-73.8734011, 40.8286185], [-73.8734239, 40.828599], [-73.8734491, 40.8285849], [-73.8734761, 40.828574], [-73.8735048, 40.8285651], [-73.8735355, 40.8285588], [-73.8735684, 40.8285558], [-73.8736017, 40.8285564], [-73.8736347, 40.8285605], [-73.873666, 40.8285686], [-73.8736891, 40.8285786], [-73.8737069, 40.828592], [-73.8737194, 40.8286089], [-73.8737278, 40.8286276], [-73.8738092, 40.8289715], [-73.873811, 40.8289911], [-73.8738083, 40.8290104], [-73.8737988, 40.829028], [-73.8737827, 40.8290441], [-73.873758, 40.8290607], [-73.8737298, 40.8290743], [-73.8736995, 40.8290847], [-73.8736676, 40.8290916], [-73.8736361, 40.8290949], [-73.8736051, 40.8290951], [-73.8735746, 40.8290931], [-73.8735441, 40.8290875], [-73.8735131, 40.8290763], [-73.8734881, 40.8290601], [-73.8734717, 40.8290423], [-73.8734614, 40.8290217]]]}, "properties": {"osm_id": 16693739, "sport": "running", "leisure": "track"}}, {"type": "Feature", "geometry": {"type": "Polygon", "coordinates": [[[-73.9059006, 40.8185288], [-73.9059521, 40.8184905], [-73.905998, 40.8183845], [-73.9060223, 40.8183241], [-73.9060098, 40.8182679], [-73.9059688, 40.8182269], [-73.9055265, 40.8181186], [-73.9054967, 40.8181186], [-73.905431, 40.8181354], [-73.9053999, 40.8181563], [-73.9053215, 40.8183414], [-73.9053324, 40.8183903], [-73.9053793, 40.8184348], [-73.9058239, 40.8185396], [-73.9059006, 40.8185288]], [[-73.9059651, 40.8183021], [-73.9059635, 40.8183259], [-73.9059057, 40.8184646], [-73.9058793, 40.8184849], [-73.9058542, 40.8184955], [-73.9058187, 40.8184946], [-73.9054108, 40.8183949], [-73.9053859, 40.8183741], [-73.9053753, 40.8183496], [-73.9054373, 40.8181918], [-73.9054541, 40.818179], [-73.9054752, 40.8181695], [-73.9054984, 40.8181641], [-73.90561, 40.8181857], [-73.9059171, 40.8182607], [-73.9059459, 40.8182739], [-73.9059651, 40.8183021]]]}, "properties": {"osm_id": 16837533, "sport": "running", "leisure": "track"}}, {"type": "Feature", "geometry": {"type": "Polygon", "coordinates": [[[-73.9148712, 40.8315669], [-73.9148136, 40.8316596], [-73.9148019, 40.8316688], [-73.9147897, 40.8316742], [-73.9147729, 40.8316792], [-73.9147567, 40.8316804], [-73.9147399, 40.8316792], [-73.9147257, 40.831675], [-73.9144677, 40.8315879], [-73.9144543, 40.8315817], [-73.9144425, 40.8315726], [-73.9144358, 40.8315632], [-73.9144297, 40.8315503], [-73.9144288, 40.831538], [-73.9144309, 40.8315253], [-73.914437, 40.8315147], [-73.9144858, 40.831433], [-73.9144953, 40.8314235], [-73.9145086, 40.8314157], [-73.9145217, 40.8314117], [-73.9145393, 40.8314086], [-73.9145556, 40.8314093], [-73.914572, 40.8314122], [-73.9145827, 40.8314164], [-73.9148379, 40.8315032], [-73.914851, 40.8315098], [-73.9148623, 40.8315193], [-73.9148684, 40.8315289], [-73.9148737, 40.8315419], [-73.914874, 40.8315543], [-73.9148712, 40.8315669]], [[-73.9147568, 40.8316577], [-73.9147461, 40.8316561], [-73.9144785, 40.8315651], [-73.914468, 40.831561], [-73.9144609, 40.8315532], [-73.9144584, 40.8315451], [-73.9144571, 40.8315389], [-73.9144594, 40.831531], [-73.9145093, 40.8314464], [-73.914516, 40.8314397], [-73.9145257, 40.8314337], [-73.9145392, 40.8314316], [-73.9145525, 40.8314329], [-73.914569, 40.8314374], [-73.9148248, 40.8315238], [-73.9148344, 40.8315293], [-73.9148393, 40.8315359], [-73.9148436, 40.8315443], [-73.9148447, 40.8315519], [-73.9148405, 40.8315626], [-73.9147908, 40.8316477], [-73.9147825, 40.8316527], [-73.9147743, 40.8316564], [-73.9147661, 40.8316576], [-73.9147568, 40.8316577]]]}, "properties": {"osm_id": 17202803, "sport": "running", "leisure": "track"}}, {"type": "Feature", "geometry": {"type": "Polygon", "coordinates": [[[-73.9164794, 40.8769513], [-73.915606, 40.8771496], [-73.9150002, 40.8772972], [-73.9149789, 40.8772425], [-73.9151607, 40.8771991], [-73.9151043, 40.8771852], [-73.9150538, 40.8771663], [-73.9150068, 40.8771449], [-73.914964, 40.8771182], [-73.9149262, 40.8770897], [-73.914898, 40.8770631], [-73.9148695, 40.8770319], [-73.9148464, 40.8769956], [-73.9148291, 40.8769619], [-73.9148143, 40.876921], [-73.9148076, 40.8768781], [-73.9148071, 40.8768366], [-73.9148113, 40.8767972], [-73.9148196, 40.8767589], [-73.9148327, 40.8767245], [-73.9148513, 40.8766894], [-73.9148701, 40.8766631], [-73.9149002, 40.8766304], [-73.9149384, 40.8765956], [-73.9149691, 40.8765719], [-73.9150077, 40.8765491], [-73.9150522, 40.8765281], [-73.9151115, 40.8765064], [-73.9162194, 40.8762459], [-73.9162859, 40.8762386], [-73.9163413, 40.8762371], [-73.9164068, 40.876242], [-73.9164595, 40.8762522], [-73.9165068, 40.8762643], [-73.9165502, 40.8762779], [-73.9165907, 40.8762954], [-73.9166247, 40.8763136], [-73.9166701, 40.8763423], [-73.9166972, 40.8763671], [-73.9167221, 40.8763914], [-73.9167469, 40.8764188], [-73.9167664, 40.8764471], [-73.9167839, 40.8764788], [-73.9167992, 40.876518], [-73.9168079, 40.8765523], [-73.9168123, 40.876585], [-73.9168118, 40.8766218], [-73.9168053, 40.8766611], [-73.916798, 40.8766892], [-73.9167853, 40.8767235], [-73.91677, 40.8767529], [-73.9167455, 40.8767861], [-73.9167251, 40.876813], [-73.9166985, 40.8768388], [-73.9166691, 40.8768646], [-73.9166364, 40.8768869], [-73.9166007, 40.8769079], [-73.9165552, 40.8769271], [-73.9165251, 40.8769381], [-73.9164794, 40.8769513]], [[-73.9161918, 40.8763123], [-73.9151661, 40.8765528], [-73.9151133, 40.8765693], [-73.9150686, 40.8765874], [-73.9150283, 40.8766097], [-73.9149956, 40.876634], [-73.9149509, 40.8766744], [-73.9149204, 40.8767131], [-73.9149029, 40.8767485], [-73.9148893, 40.8767893], [-73.9148828, 40.8768301], [-73.9148839, 40.8768725], [-73.9148899, 40.8769104], [-73.9149046, 40.8769483], [-73.9149226, 40.8769842], [-73.9149487, 40.8770151], [-73.9149869, 40.8770518], [-73.9150168, 40.8770748], [-73.9150539, 40.8770991], [-73.9150888, 40.877116], [-73.9151372, 40.8771333], [-73.9151972, 40.8771473], [-73.9152517, 40.8771535], [-73.9153122, 40.8771547], [-73.9153792, 40.8771477], [-73.9163889, 40.8769103], [-73.9164603, 40.8768931], [-73.916513, 40.8768774], [-73.916563, 40.8768538], [-73.9166085, 40.8768263], [-73.9166461, 40.8767954], [-73.916676, 40.8767605], [-73.9167033, 40.8767192], [-73.9167189, 40.8766814], [-73.9167306, 40.8766382], [-73.9167339, 40.8765895], [-73.9167261, 40.8765429], [-73.9167124, 40.8765031], [-73.9166903, 40.8764658], [-73.9166611, 40.8764265], [-73.916626, 40.8763945], [-73.9165818, 40.8763621], [-73.9165389, 40.8763395], [-73.9164922, 40.8763223], [-73.9164343, 40.8763066], [-73.9163759, 40.8762973], [-73.9163148, 40.8762943], [-73.916257, 40.8762987], [-73.9161918, 40.8763123]]]}, "properties": {"osm_id": 17519884, "sport": "running", "leisure": "track"}}, {"type": "Feature", "geometry": {"type": "Polygon", "coordinates": [[[-73.8969914, 40.8274165], [-73.8972709, 40.8270864], [-73.897296, 40.8270405], [-73.8972915, 40.8269956], [-73.8972722, 40.826959], [-73.896945, 40.8267968], [-73.8968875, 40.8267861], [-73.8968424, 40.8267934], [-73.8968017, 40.8268076], [-73.8967714, 40.8268315], [-73.8965036, 40.8271426], [-73.8964784, 40.8271816], [-73.8964719, 40.8272183], [-73.8964848, 40.8272588], [-73.8965113, 40.8272891], [-73.8965474, 40.8273115], [-73.8968036, 40.8274375], [-73.8968385, 40.8274502], [-73.8968908, 40.8274541], [-73.8969372, 40.8274458], [-73.8969663, 40.8274331], [-73.8969914, 40.8274165]], [[-73.8969585, 40.8273867], [-73.897227, 40.8270703], [-73.8972425, 40.8270425], [-73.8972444, 40.8270132], [-73.8972296, 40.8269863], [-73.8972102, 40.8269707], [-73.8969308, 40.8268344], [-73.896894, 40.8268261], [-73.8968624, 40.8268255], [-73.8968336, 40.8268362], [-73.8968133, 40.8268535], [-73.8965372, 40.8271774], [-73.8965274, 40.8271965], [-73.8965242, 40.8272189], [-73.8965303, 40.8272398], [-73.8965449, 40.8272586], [-73.8965677, 40.8272749], [-73.8968295, 40.8274047], [-73.8968507, 40.8274133], [-73.8968771, 40.8274158], [-73.8969047, 40.827413], [-73.8969287, 40.8274057], [-73.8969486, 40.8273949], [-73.8969585, 40.8273867]]]}, "properties": {"osm_id": 18169837, "sport": "running", "leisure": "track"}}, {"type": "Feature", "geometry": {"type": "Polygon", "coordinates": [[[-73.9130299, 40.8180068], [-73.9128929, 40.8178759], [-73.9128467, 40.8179031], [-73.9124626, 40.8178343], [-73.912718, 40.8168935], [-73.9127839, 40.8167504], [-73.9127649, 40.8167404], [-73.9128265, 40.8165806], [-73.9128103, 40.8165739], [-73.9129452, 40.8162766], [-73.9139774, 40.8163842], [-73.9130299, 40.8180068]], [[-73.9136294, 40.8168477], [-73.9134779, 40.8171014], [-73.913278, 40.8174445], [-73.9132096, 40.8175622], [-73.9131292, 40.8176992], [-73.912641, 40.8175632], [-73.9128207, 40.8169624], [-73.9129159, 40.8167391], [-73.9130353, 40.8165077], [-73.913093, 40.8164397], [-73.913164, 40.8164122], [-73.9132485, 40.816393], [-73.9134698, 40.8164183], [-73.913616, 40.8164488], [-73.9136804, 40.8164965], [-73.9137273, 40.8165584], [-73.9137447, 40.8166264], [-73.9137193, 40.8166802], [-73.9136294, 40.8168477]]]}, "properties": {"osm_id": 19674684, "sport": "athletics", "leisure": "track"}}]}